,smiles,chembl_id,exp_mean [nM],class
0,C[C@H](CCC(=O)NCC(=O)O)[C@H]1CC[C@H]2[C@H]3[C@H](CC[C@@]21C)[C@@]1(C)CC[C@@H](O)C[C@H]1C[C@H]3O,CHEMBL1552,3000.0,False
2,C[C@H](CCC(=O)O)C1CC[C@H]2[C@H]3[C@H](CC[C@]12C)[C@@]1(C)CC[C@@H](O)CC1[C@@H](C)[C@H]3O,CHEMBL3137829,750.0,False
3,C[C@H](CCC(=O)NCCS(=O)(=O)O)[C@H]1CC[C@H]2[C@H]3[C@H](CC[C@@]21C)[C@@]1(C)CC[C@@H](O)C[C@H]1C[C@H]3O,CHEMBL185878,3000.0,False
4,CCC[C@@H]1C2C[C@H](O)CC[C@]2(C)[C@H]2CC[C@]3(C)C([C@H](C)CCC(=O)O)CC[C@H]3[C@@H]2[C@@H]1O,CHEMBL3138184,1110.0,False
7,CC(C)c1onc(-c2c(Cl)cccc2Br)c1COc1ccc(/C=C/c2cccc(C(=O)O)c2)c(Cl)c1,CHEMBL101381,12.0,True
8,Cc1cc(OCc2c(-c3c(Cl)cccc3Cl)noc2C(C)C)ccc1/C=C/c1cccc(C(=O)O)c1,CHEMBL103394,47.0,True
9,CCc1onc(Cc2c(Cl)cccc2Cl)c1COc1ccc(/C=C/c2cccc(C(=O)O)c2)c(Cl)c1,CHEMBL318280,60.0,True
10,CCc1onc(-c2c(F)cccc2C(F)(F)F)c1COc1ccc(/C=C/c2cccc(C(=O)O)c2)c(Cl)c1,CHEMBL101327,54.0,True
11,Cc1cc(OCc2c(-c3c(Cl)cccc3Cl)noc2C(C)C)cc(C)c1/C=C/c1ccc(C(=O)O)cc1,CHEMBL319606,37.0,True
12,Cc1cc(OCc2c(-c3c(Cl)cccc3Cl)noc2C)cc(C)c1/C=C/c1cccc(C(=O)O)c1,CHEMBL319544,70.0,True
13,Cc1cc(OCc2c(-c3c(Cl)cccc3Cl)noc2C(C)C)cc(C)c1/C=C/c1cccc(C(=O)O)c1,CHEMBL319861,100.0,False
14,CCc1onc(-c2ccccc2OC(F)(F)F)c1COc1ccc(/C=C/c2cccc(C(=O)O)c2)c(Cl)c1,CHEMBL419721,48.0,True
15,CCc1onc(-c2c(Cl)cccc2Cl)c1COc1cc(C)c(/C=C/c2ccc(C(=O)O)cc2)c(C)c1,CHEMBL101547,100.0,False
16,C=CC[C@@H]1C2C[C@H](O)CC[C@]2(C)[C@H]2CC[C@]3(C)C([C@H](C)CCC(=O)O)CC[C@H]3[C@@H]2[C@@H]1O,CHEMBL3138060,480.0,False
17,C[C@H](CCC(=O)O)C1CC[C@H]2[C@H]3[C@H](CC[C@]12C)[C@@]1(C)CC[C@@H](O)CC1[C@@H](CCO)[C@H]3O,CHEMBL3138046,61150.0,False
18,C#CC[C@@H]1C2C[C@H](O)CC[C@]2(C)[C@H]2CC[C@]3(C)C([C@H](C)CCC(=O)O)CC[C@H]3[C@@H]2[C@@H]1O,CHEMBL3138036,540.0,False
19,CO[C@@H]1C2C[C@H](O)CC[C@]2(C)[C@H]2CC[C@]3(C)C([C@H](C)CCC(=O)O)CC[C@H]3[C@@H]2[C@@H]1O,CHEMBL3138054,14730.0,False
20,C[C@H](CCC(=O)O)C1CC[C@H]2[C@@H]3[C@H](O)[C@H](F)C4C[C@H](O)CC[C@]4(C)[C@H]3CC[C@]12C,CHEMBL3138311,15110.0,False
21,C[C@H](CCC(=O)O)C1CC[C@H]2[C@@H]3[C@H](O)[C@@H](F)C4C[C@H](O)CC[C@]4(C)[C@H]3CC[C@]12C,CHEMBL3138327,1210.0,False
22,C[C@H](CCC(=O)O)[C@H]1CC[C@H]2[C@H]3[C@H](CC[C@@]21C)[C@@]1(C)CCCC[C@H]1C[C@H]3O,CHEMBL270311,1300.0,False
23,C[C@@H](C1CC[C@H]2[C@H]3[C@H](CC[C@]12C)[C@@]1(C)CC[C@@H](O)CC1C[C@H]3O)[C@H](O)CC(=O)O,CHEMBL3138037,33180.0,False
24,C[C@H](C[C@H](O)C(=O)O)C1CC[C@H]2[C@H]3[C@H](CC[C@]12C)[C@@]1(C)CC[C@@H](O)CC1C[C@H]3O,CHEMBL3138406,13200.0,False
25,C[C@H](C[C@@H](O)C(=O)O)C1CC[C@H]2[C@H]3[C@H](CC[C@]12C)[C@@]1(C)CC[C@@H](O)CC1C[C@H]3O,CHEMBL3138040,10230.0,False
26,CC(C[C@@H](C)C1CC[C@H]2[C@H]3[C@H](CC[C@]12C)[C@@]1(C)CC[C@@H](O)CC1[C@@H](C)[C@H]3O)C(=O)O,CHEMBL3138043,15620.0,False
27,C[C@@H](C1CC[C@H]2[C@H]3[C@H](CC[C@]12C)[C@@]1(C)CC[C@@H](O)CC1C[C@H]3O)[C@@H]1C[C@H]1C(=O)O,CHEMBL3138041,2430.0,False
28,C[C@@H](C1CC[C@H]2[C@H]3[C@H](CC[C@]12C)[C@@]1(C)CC[C@@H](O)CC1C[C@H]3O)[C@H]1C[C@@H]1C(=O)O,CHEMBL3138035,42700.0,False
29,C[C@H](CCN)C1CC[C@H]2[C@H]3[C@H](CC[C@]12C)[C@@]1(C)CC[C@@H](O)CC1C[C@H]3O,CHEMBL3138044,9680.0,False
30,CCOC(=O)NCC[C@@H](C)C1CC[C@H]2[C@H]3[C@H](CC[C@]12C)[C@@]1(C)CC[C@@H](O)CC1C[C@H]3O,CHEMBL3138403,2720.0,False
31,C[C@H](CCn1oc(=O)[nH]c1=O)C1CC[C@H]2[C@H]3[C@H](CC[C@]12C)[C@@]1(C)CC[C@@H](O)CC1C[C@H]3O,CHEMBL3138034,1220.0,False
32,C[C@H](CCCOS(=O)(=O)O)C1CC[C@H]2[C@H]3[C@H](CC[C@]12C)[C@@]1(C)CC[C@@H](O)CC1C[C@H]3O,CHEMBL3138058,5990.0,False
33,C[C@H](CCCS(=O)(=O)O)C1CC[C@H]2[C@H]3[C@H](CC[C@]12C)[C@@]1(C)CC[C@@H](O)CC1C[C@H]3O,CHEMBL3138038,4550.0,False
34,COC(=O)/C=C/c1cccc(N(Cc2ccc(/C=C/c3c(Cl)cccc3Cl)cc2)C(=O)C(C)C)c1,CHEMBL193099,195.0,False
35,COC(=O)/C=C/c1cccc(N(Cc2ccc(/C=C/c3cc(C(F)(F)F)cc(C(F)(F)F)c3)cc2)C(=O)C2CCCCC2)c1,CHEMBL193148,1470.0,False
36,COC(=O)/C=C/c1cccc(N(Cc2ccc(/C=C/c3cc(C(F)(F)F)cc(C(F)(F)F)c3)cc2)C(=O)C(C)C)c1,CHEMBL189944,1950.0,False
37,COC(=O)/C=C/c1cccc(N(Cc2ccc(/C=C/c3cccc(C(F)(F)F)c3)cc2)C(=O)C(C)C)c1,CHEMBL189425,267.0,False
38,COC(=O)/C=C/c1cccc(N(Cc2ccc(/C=C/c3cccc(C(F)(F)F)c3)cc2)C(=O)NC(C)C)c1,CHEMBL192701,932.0,False
39,COC(=O)/C=C/c1cccc(N(Cc2ccc(/C=C/c3c(F)cccc3F)cc2)C(=O)C(C)C)c1,CHEMBL447784,108.0,False
40,COC(=O)/C=C/c1cccc(N(Cc2ccc(/C=C/c3ccccc3F)cc2)C(=O)C2CCCCC2)c1,CHEMBL189728,64.0,True
41,COC(=O)/C=C/c1cccc(N(Cc2ccc(/C=C/c3ccccc3F)cc2)C(=O)NC(C)C)c1,CHEMBL190440,431.0,False
42,COC(=O)/C=C/c1cccc(N(Cc2ccc(/C=C/c3c(C)cc(C)cc3C)cc2)C(=O)C(C)C)c1,CHEMBL190553,149.0,False
43,COC(=O)/C=C/c1cccc(N(Cc2ccc(/C=C/c3c(C)cc(C)cc3C)cc2)C(=O)NC(C)C)c1,CHEMBL190499,431.0,False
44,COC(=O)/C=C/c1cccc(N(Cc2ccc(/C=C/c3cccc(F)c3)cc2)C(=O)C2CCCCC2)c1,CHEMBL427528,86.0,True
45,COC(=O)/C=C/c1cccc(N(Cc2ccc(/C=C/c3cccc(F)c3)cc2)C(=O)C(C)C)c1,CHEMBL192772,71.0,True
46,COC(=O)/C=C/c1cccc(N(Cc2ccc(/C=C/c3ccc(F)cc3)cc2)C(=O)C(C)C)c1,CHEMBL364810,120.0,False
47,COC(=O)/C=C/c1cccc(N(Cc2ccc(/C=C/c3ccc(F)cc3)cc2)C(=O)NC(C)C)c1,CHEMBL194004,348.0,False
48,COC(=O)/C=C/c1cccc(N(Cc2ccc(/C=C/c3ccccn3)cc2)C(=O)C2CCCCC2)c1,CHEMBL370742,309.0,False
49,COC(=O)/C=C/c1cccc(N(Cc2ccc(/C=C/c3ccccn3)cc2)C(=O)C(C)C)c1,CHEMBL364289,310.0,False
50,COC(=O)/C=C/c1cccc(N(Cc2ccc(/C=C/c3scnc3C)cc2)C(=O)C2CCCCC2)c1,CHEMBL372916,227.0,False
51,COC(=O)/C=C/c1cccc(N(Cc2ccc(/C=C/c3scnc3C)cc2)C(=O)C(C)C)c1,CHEMBL192932,228.0,False
52,COC(=O)/C=C/c1cccc(N(Cc2ccc(-c3ccc(F)c(F)c3)cc2)C(=O)C2CCCCC2)c1,CHEMBL365028,72.0,True
53,COC(=O)/C=C/c1cccc(N(Cc2ccc(-c3ccc(SC)cc3)cc2)C(=O)C(C)C)c1,CHEMBL372258,51.0,True
54,COC(=O)/C=C/c1cccc(N(Cc2ccc(-c3cccc(OC)c3)cc2)C(=O)C2CCCCC2)c1,CHEMBL187456,77.31,True
55,COC(=O)/C=C/c1cccc(N(Cc2ccc(-c3cccc(OC)c3)cc2)C(=O)NC(C)C)c1,CHEMBL191097,1370.0,False
56,CCOc1cccc(-c2ccc(CN(C(=O)C3CCCCC3)c3cccc(/C=C/C(=O)OC)c3)cc2)c1,CHEMBL364746,147.0,False
57,CCOc1cccc(-c2ccc(CN(C(=O)C(C)C)c3cccc(/C=C/C(=O)OC)c3)cc2)c1,CHEMBL190166,173.0,False
58,COC(=O)/C=C/c1cccc(N(Cc2ccc(-c3ccc(OC)cc3)cc2)C(=O)C2CCCCC2)c1,CHEMBL189930,89.0,True
59,COC(=O)/C=C/c1cccc(N(Cc2ccc(-c3ccc(OC)cc3)cc2)C(=O)C(C)C)c1,CHEMBL188141,97.0,True
60,COC(=O)/C=C/c1cccc(N(Cc2ccc(-c3cccc(Cl)c3)cc2)C(=O)C2CCCCC2)c1,CHEMBL190844,94.0,True
61,COC(=O)/C=C/c1cccc(N(Cc2ccc(-c3cccc(Cl)c3)cc2)C(=O)C(C)C)c1,CHEMBL189224,77.0,True
62,COC(=O)/C=C/c1cccc(N(Cc2ccc(-c3ccc(C)cc3)cc2)C(=O)C(C)C)c1,CHEMBL189155,118.0,False
63,COC(=O)/C=C/c1cccc(N(Cc2ccc(-c3ccc(C)cc3)cc2)C(=O)NC(C)C)c1,CHEMBL190421,449.0,False
64,COC(=O)/C=C/c1cccc(N(Cc2ccc(-c3cccc(C)c3)cc2)C(=O)C2CCCCC2)c1,CHEMBL364749,109.0,False
65,COC(=O)/C=C/c1cccc(N(Cc2ccc(-c3cccc(C)c3)cc2)C(=O)C(C)C)c1,CHEMBL373308,163.0,False
66,COC(=O)/C=C/c1cccc(N(Cc2ccc(-c3cc(Cl)ccc3OC)cc2)C(=O)C(C)C)c1,CHEMBL191439,226.0,False
67,COC(=O)/C=C/c1cccc(N(Cc2ccc(-c3ccc4c(c3)OCO4)cc2)C(=O)C2CCCCC2)c1,CHEMBL191578,38.0,True
68,COC(=O)/C=C/c1cccc(N(Cc2ccc(-c3ccc4c(c3)OCO4)cc2)C(=O)C(C)C)c1,CHEMBL371360,19.025,True
69,COC(=O)/C=C/c1cccc(N(Cc2ccc(-c3ccc4c(c3)OCO4)cc2)C(=O)NC(C)C)c1,CHEMBL191236,96.0,True
70,COC(=O)/C=C/c1cccc(N(Cc2ccc(-c3ccc(F)c(Cl)c3)cc2)C(=O)C2CCCCC2)c1,CHEMBL371385,66.0,True
71,COC(=O)/C=C/c1cccc(N(Cc2ccc(-c3ccc(OC(F)(F)F)cc3)cc2)C(=O)C(C)C)c1,CHEMBL192752,219.0,False
72,COC(=O)/C=C/c1cccc(N(Cc2ccc(-c3cccc(OC(F)(F)F)c3)cc2)C(=O)C(C)C)c1,CHEMBL190566,247.0,False
73,COC(=O)/C=C/c1cccc(N(Cc2ccc(-c3c(OC)cccc3OC)cc2)C(=O)C2CCCCC2)c1,CHEMBL426273,77.0,True
74,COC(=O)/C=C/c1cccc(N(Cc2ccc(-c3c(OC)cccc3OC)cc2)C(=O)C(C)C)c1,CHEMBL363212,95.0,True
75,COC(=O)/C=C/c1cccc(N(Cc2ccc(-c3ccc(N(C)C)cc3)cc2)C(=O)C2CCCCC2)c1,CHEMBL192966,25.0,True
76,COC(=O)/C=C/c1cccc(N(Cc2ccc(-c3ccc(N(C)C)cc3)cc2)C(=O)C(C)C)c1,CHEMBL190508,57.0,True
77,COC(=O)/C=C/c1cccc(N(Cc2ccc(-c3ccc(N(C)C)cc3)cc2)C(=O)NC(C)C)c1,CHEMBL363132,162.0,False
78,COC(=O)/C=C/c1cccc(N(Cc2ccc(-c3ccc(C(C)(C)C)cc3)cc2)C(=O)C2CCCCC2)c1,CHEMBL192270,132.0,False
79,COC/C=C/c1cccc(N(Cc2ccc(/C=C/C(=O)OC(C)(C)C)cc2)C(=O)C2CCCCC2)c1,CHEMBL192769,243.0,False
80,CCOC/C=C/c1cccc(N(Cc2ccc(/C=C/C(=O)OC(C)(C)C)cc2)C(=O)C2CCCCC2)c1,CHEMBL190304,220.0,False
81,COC(=O)/C=C/c1cccc(N(Cc2ccc(/C=C/C(=O)OC(C)(C)C)cc2)C(=O)c2ccccc2)c1,CHEMBL435492,236.0,False
82,COC(=O)/C=C/c1cccc(N(Cc2ccc(/C=C/C(=O)OC(C)(C)C)cc2)C(=O)c2ccco2)c1,CHEMBL189309,205.0,False
83,COC(=O)/C=C/c1cccc(N(Cc2ccc(/C=C/C(=O)OC(C)(C)C)cc2)C(=O)NC(C)C)c1,CHEMBL190181,212.0,False
84,COC(=O)/C=C/c1cccc(N(C(=O)C2CCCCC2)c2ccc3ccccc3c2)c1,CHEMBL193213,680.0,False
85,COC(=O)/C=C/c1cccc(N(Cc2ccc3c(c2OC)OC(C)(C)C=C3)C(=O)C2CCCCC2)c1,CHEMBL189741,358.0,False
86,COC(=O)/C=C/c1cccc(N(Cc2ccc3c(c2OC)OC(C)(C)C2C3C2(Cl)Cl)C(=O)c2ccccc2)c1,CHEMBL373297,333.0,False
87,COC/C=C/c1ccc(CN(C(=O)C2CCCCC2)c2cccc(/C=C/C(=O)OC)c2)cc1,CHEMBL189265,233.0,False
88,COC(=O)/C=C/c1cccc(N(Cc2ccc(-c3cccc(C(C)=O)c3)cc2)C(=O)C2CCCCC2)c1,CHEMBL191984,227.0,False
89,COC(=O)/C=C/c1cccc(N(Cc2ccc(-c3ccc(SC)cc3)cc2)C(=O)C2CCCCC2)c1,CHEMBL364008,69.0,True
90,COC(=O)/C=C/c1cccc(N(Cc2ccc(-c3ccc(C)s3)cc2)C(=O)C2CCCCC2)c1,CHEMBL189897,206.0,False
91,COC(=O)/C=C/c1cccc(N(Cc2ccc(-c3ccc(C(C)=O)s3)cc2)C(=O)C2CCCCC2)c1,CHEMBL189685,256.0,False
92,COC(=O)/C=C/c1cccc(N(Cc2ccc(/C=C/c3ccc(OC)cc3)cc2)C(=O)C2CCCCC2)c1,CHEMBL192070,208.0,False
93,CC(C)(C)OC(=O)/C=C/c1ccc(CN(C(=O)C2CCCCC2)c2cccc(/C=C/C(=O)OC(C)(C)C)c2)cc1,CHEMBL440208,1000.0,False
94,COC(=O)/C=C/c1cccc(N(Cc2cc(OC)cc(OC)c2)C(=O)C2CCCCC2)c1,CHEMBL192174,604.28,False
95,COC(=O)/C=C/c1cccc(N(Cc2ccc(/C=C/C(=O)O)cc2)C(=O)C2CCCCC2)c1,CHEMBL194054,1000.0,False
96,COC(=O)/C=C/c1cccc(N(Cc2ccc(/C=C/C(=O)OC(C)(C)C)cc2O)C(=O)C2CCCCC2)c1,CHEMBL192852,1000.0,False
97,COC(=O)/C=C/c1cccc(N(Cc2ccc(/C=C/c3c(Cl)cccc3Cl)cc2)C(=O)C2CCCCC2)c1,CHEMBL189735,150.68,False
98,COC(=O)/C=C/c1cccc(N(Cc2ccc(/C=C/c3cccc(Cl)c3)cc2)C(=O)C2CCCCC2)c1,CHEMBL371414,165.48000000000002,False
99,COC(=O)/C=C/c1cccc(N(Cc2ccc(/C=C/c3cccc(Cl)c3)cc2)C(=O)C(C)C)c1,CHEMBL370479,163.09,False
100,COC(=O)/C=C/c1cccc(N(Cc2ccc(/C=C/c3ccccc3F)cc2)C(=O)C(C)C)c1,CHEMBL425374,70.39500000000001,True
101,COC(=O)/C=C/c1cccc(N(Cc2ccc(/C=C/c3ccccc3)cc2)C(=O)C(C)C)c1,CHEMBL371346,64.785,True
102,COC(=O)/C=C/c1cccc(N(Cc2ccc(/C=C/c3cccc(F)c3)cc2)C(=O)NC(C)C)c1,CHEMBL363873,467.37,False
103,COC(=O)/C=C/c1cccc(N(Cc2ccc(/C=C/c3ccc(F)cc3)cc2)C(=O)C2CCCCC2)c1,CHEMBL190830,185.60500000000002,False
104,COC(=O)/C=C/c1cccc(N(Cc2ccc(-c3cccc(OC)c3)cc2)C(=O)C(C)C)c1,CHEMBL364915,72.22,True
105,COC(=O)/C=C/c1cccc(N(Cc2ccc(-c3cccc(Cl)c3)cc2)C(=O)NC(C)C)c1,CHEMBL365791,1406.27,False
106,COC(=O)/C=C/c1cccc(N(Cc2ccc(-c3cccc(C)c3)cc2)C(=O)NC(C)C)c1,CHEMBL362898,1324.13,False
107,COC(=O)/C=C/c1cccc(N(Cc2ccc(-c3cc(Cl)ccc3OC)cc2)C(=O)C2CCCCC2)c1,CHEMBL191379,233.70999999999998,False
108,COC(=O)/C=C/c1cccc(N(Cc2ccc(-c3ccc(F)c(Cl)c3)cc2)C(=O)C(C)C)c1,CHEMBL425555,128.91,False
109,COC(=O)/C=C/c1cccc(N(Cc2ccc(-c3ccc(OC(F)(F)F)cc3)cc2)C(=O)C2CCCCC2)c1,CHEMBL194104,263.515,False
110,COC(=O)/C=C/c1cccc(N(Cc2ccc(-c3cccc(OC(F)(F)F)c3)cc2)C(=O)C2CCCCC2)c1,CHEMBL364932,418.435,False
111,COC(=O)/C=C/c1cccc(N(Cc2ccc(-c3c(OC)cccc3OC)cc2)C(=O)NC(C)C)c1,CHEMBL189432,561.6700000000001,False
112,COc1c(CN(C(=O)C2CC2)c2ccccc2)ccc2c1OC(C)(C)C=C2,CHEMBL197473,10000.0,False
113,CCC(CC)(c1ccc(OCC(=O)O)c(C)c1)c1ccc(OCc2c(-c3c(Cl)cccc3Cl)noc2C(C)C)c(C)c1,CHEMBL209145,3400.0,False
115,C[C@H](CCNC(=O)OCc1cccs1)C1CC[C@H]2[C@H]3[C@H](CC[C@]12C)[C@@]1(C)CC[C@@H](O)CC1C[C@H]3O,CHEMBL3138428,410.0,False
116,C[C@H](CCNC(=O)OCc1ccc(C(=O)O)cc1)C1CC[C@H]2[C@H]3[C@H](CC[C@]12C)[C@@]1(C)CC[C@@H](O)CC1C[C@H]3O,CHEMBL3138091,7110.0,False
117,COc1ccc(COC(=O)NCC[C@@H](C)C2CC[C@H]3[C@H]4[C@H](CC[C@]23C)[C@@]2(C)CC[C@@H](O)CC2C[C@H]4O)cc1,CHEMBL3138093,1480.0,False
118,C[C@H](CCNC(=O)OCc1ccccc1)C1CC[C@H]2[C@H]3[C@H](CC[C@]12C)[C@@]1(C)CC[C@@H](O)CC1C[C@H]3O,CHEMBL3138090,790.0,False
119,C[C@H](CCNC(=O)OC1C2CC3CC(C2)CC1C3)C1CC[C@H]2[C@H]3[C@H](CC[C@]12C)[C@@]1(C)CC[C@@H](O)CC1C[C@H]3O,CHEMBL3138089,600.0,False
120,C[C@H](CCNC(=O)OC1CCCCC1)C1CC[C@H]2[C@H]3[C@H](CC[C@]12C)[C@@]1(C)CC[C@@H](O)CC1C[C@H]3O,CHEMBL3138339,1140.0,False
121,CC(C)OC(=O)NCC[C@@H](C)C1CC[C@H]2[C@H]3[C@H](CC[C@]12C)[C@@]1(C)CC[C@@H](O)CC1C[C@H]3O,CHEMBL3138341,2500.0,False
122,C[C@H](C[C@@H](C)[C@H]1CC[C@H]2[C@H]3[C@H](CC[C@@]21C)[C@@]1(C)CC[C@@H](O)CC1C[C@H]3O)C(=O)O,CHEMBL245001,10500.0,False
123,CC[C@@H]1C2C[C@H](O)CC[C@]2(C)[C@H]2CC[C@@]3(C)[C@@H](CC[C@@H]3[C@H](C)C[C@H](C)C(=O)O)[C@@H]2[C@@H]1O,CHEMBL244785,11800.0,False
124,C[C@@H](C[C@@H](C)[C@H]1CC[C@H]2[C@H]3[C@H](CC[C@@]21C)[C@@]1(C)CC[C@@H](O)CC1[C@@H](C)[C@H]3O)C(=O)O,CHEMBL244784,11600.0,False
125,CCCNC(=O)c1cccc(/C=C/c2ccc(OCc3c(-c4c(Cl)cccc4Cl)noc3C(C)C)cc2Cl)c1,CHEMBL234113,9000.0,False
126,CC(C)(C)c1onc(-c2c(Cl)cccc2Cl)c1COc1ccc(C(=O)Nc2cccc(C(=O)O)c2)c(Cl)c1,CHEMBL234749,1300.0,False
127,CC(C)(C)c1onc(-c2c(Cl)cccc2Cl)c1COc1ccc(/C=C/c2cccc(C(=O)O)c2)c(Cl)c1,CHEMBL233696,1300.0,False
128,CC(C)c1onc(-c2c(Cl)cccc2Cl)c1COc1ccc(C(=O)N(CCc2ccccc2)c2cccc(C(=O)O)c2)c(Cl)c1,CHEMBL427601,840.0,False
129,CC(C)c1onc(-c2c(Cl)cccc2Cl)c1COc1ccc(C(=O)N(Cc2ccccc2)c2cccc(C(=O)O)c2)c(Cl)c1,CHEMBL395918,2500.0,False
130,CCCN(C(=O)c1ccc(OCc2c(-c3c(Cl)cccc3Cl)noc2C(C)C)cc1Cl)c1cccc(C(=O)O)c1,CHEMBL233484,2100.0,False
131,CC(C)c1onc(-c2c(Cl)cccc2Cl)c1COc1ccc(C(=O)N(C)c2cccc(C(=O)O)c2)c(Cl)c1,CHEMBL429794,3100.0,False
132,CC(C)c1onc(-c2c(Cl)cccc2Cl)c1COc1ccc(C(=O)Nc2cccc(C(=O)O)c2)c(Cl)c1,CHEMBL389998,3000.0,False
133,CC(C)c1onc(-c2c(Cl)cccc2Cl)c1COc1ccc(/C=C/c2cccc(C(=O)N(Cc3ccccc3)Cc3ccccc3)c2)c(Cl)c1,CHEMBL263872,35100.0,False
135,C[C@H](CCCO)[C@H]1CC[C@H]2[C@H]3[C@H](CC[C@@]21C)[C@@]1(C)CC[C@@H](O)C[C@H]1C[C@H]3O,CHEMBL270287,6000.0,False
136,CC1C[C@@H]2C[C@H](O)CC[C@]2(C)[C@H]2CC[C@@]3(C)[C@@H](CC[C@@H]3[C@H](C)CCC(=O)O)[C@H]12,CHEMBL270105,16200.0,False
137,C[C@H]1C[C@@H]2CCCC[C@]2(C)[C@H]2CC[C@@]3(C)[C@@H](CC[C@@H]3[C@H](C)CCC(=O)NCCS(=O)(=O)O)[C@H]12,CHEMBL261826,10600.0,False
138,CCOC(=O)C1=CN(C(=O)c2ccc(F)cc2)CCc2c1[nH]c1ccccc21,CHEMBL523785,600.0,False
139,CC(C)OC(=O)C1=CN(C(=O)c2ccc(F)cc2)CCc2c1[nH]c1ccccc21,CHEMBL454366,500.0,False
140,CCCOC(=O)C1=CN(C(=O)c2ccc(F)cc2)CCc2c1[nH]c1ccccc21,CHEMBL509912,500.0,False
141,CCCCOC(=O)C1=CN(C(=O)c2ccc(F)cc2)CCc2c1[nH]c1ccccc21,CHEMBL454367,1100.0,False
142,CCOC(=O)C1=CN(C(=O)c2ccc(F)cc2)CC(C)c2c1[nH]c1ccccc21,CHEMBL507745,57.0,True
143,CCOC(=O)C1=CN(C(=O)c2ccc(Cl)cc2)CC(C)c2c1[nH]c1ccccc21,CHEMBL453098,73.0,True
144,CCOC(=O)C1=CN(C(=O)c2ccc(OC)cc2)CC(C)c2c1[nH]c1ccccc21,CHEMBL509416,60.0,True
145,CCOC(=O)C1=CN(C(=O)c2ccc(F)c(F)c2)CC(C)c2c1[nH]c1ccccc21,CHEMBL453912,32.0,True
146,CCOC(=O)C1=CN(C(=O)c2ccc(F)cc2)CC(C)(C)c2c1[nH]c1ccccc21,CHEMBL453913,22.0,True
148,CCOC(=O)C1=CN(C(=O)c2ccc(Cl)cc2)CC(C)(C)c2c1[nH]c1ccccc21,CHEMBL454136,25.0,True
149,CCOC(=O)C1=CN(C(=O)c2ccc(OC)cc2)CC(C)(C)c2c1[nH]c1ccccc21,CHEMBL507786,29.0,True
150,CC(C)OC(=O)C1=CN(C(=O)c2ccc(F)cc2)CC(C)(C)c2c1[nH]c1ccccc21,CHEMBL454137,8.0,True
151,CC(C)OC(=O)C1=CN(C(=O)c2ccc(F)c(F)c2)CC(C)(C)c2c1[nH]c1ccccc21,CHEMBL454138,17.0,True
152,Cc1cccc(COc2cccc(/C=C3\C(=O)NN(c4ccccc4)C3=O)c2)c1,CHEMBL485210,5150.0,False
153,O=C1NN(c2ccccc2)C(=O)/C1=C/c1cccc(OCc2cccc(F)c2)c1,CHEMBL519840,4790.0,False
154,O=C1NN(c2ccccc2)C(=O)/C1=C/c1cccc(OCc2cccc(C(F)(F)F)c2)c1,CHEMBL485403,6920.0,False
155,O=C1NN(c2ccccc2)C(=O)/C1=C/c1cccc(OCc2ccc(C(F)(F)F)cc2)c1,CHEMBL485404,2040.0,False
156,Cc1cccc(COc2cccc(/C=C3\C(=O)NN(c4ccccc4[N+](=O)[O-])C3=O)c2)c1,CHEMBL520519,5370.0,False
157,Cc1cccc(COc2cccc(/C=C3\C(=O)NN(C(=O)c4ccc(F)cc4)C3=O)c2)c1,CHEMBL519861,1860.0,False
158,Cc1cccc(COc2cccc(/C=C3\C(=O)NN(C(=O)c4ccncc4)C3=O)c2)c1,CHEMBL520976,2400.0,False
159,O=C1NN(C(=O)c2ccccc2)C(=O)/C1=C/c1ccc(OCc2ccccc2)cc1,CHEMBL483579,3980.0,False
160,O=C1NN(C(=O)c2ccco2)C(=O)/C1=C/c1ccc(OCc2ccccc2)cc1,CHEMBL485563,3310.0,False
161,O=C1C(=Cc2ccc(OCc3ccccc3)cc2)C(=O)N(c2ccccc2)N1c1ccccc1,CHEMBL483187,6310.0,False
162,CCOC(=O)C(=Cc1ccc(OCc2ccccc2)cc1)C(=O)OCC,CHEMBL484547,6170.0,False
163,O=C1C(=Cc2cccc([N+](=O)[O-])c2)C(=O)N(c2ccccc2)N1c1ccccc1,CHEMBL483197,4270.0,False
164,COc1ccccc1-c1noc(C(C)C)c1COc1ccc(/C=C/c2cccc(C(=O)O)c2)c(Cl)c1,CHEMBL466315,10000.0,False
166,Cc1cc(OCc2c(-c3c(Cl)cncc3Cl)noc2C(C)C)ccc1-c1ccc2c(C(=O)O)cn(C)c2c1,CHEMBL466323,900.0,False
167,Cc1cc(OCc2c(-c3c(Cl)c[n+]([O-])cc3Cl)noc2C(C)C)ccc1-c1ccc2c(C(=O)O)cn(C)c2c1,CHEMBL466523,102.0,False
168,Cc1cc(OCc2c(-c3cc[nH]c(=O)c3Cl)noc2C(C)C)ccc1-c1ccc2c(C(=O)O)cn(C)c2c1,CHEMBL513149,5000.0,False
169,Cc1cc(OCc2c(-c3ccn(C)c(=O)c3Cl)noc2C(C)C)ccc1-c1ccc2c(C(=O)O)cn(C)c2c1,CHEMBL466471,7000.0,False
170,Cc1cc(OCc2c(-c3c(Cl)cn(C)c(=O)c3Cl)noc2C(C)C)ccc1-c1ccc2c(C(=O)O)cn(C)c2c1,CHEMBL466880,12000.0,False
171,Cc1cc(OCc2c(-c3c(Cl)ccc(=O)n3C)noc2C(C)C)ccc1-c1ccc2c(C(=O)O)cn(C)c2c1,CHEMBL511389,4000.0,False
172,COc1ccc(Cl)c(-c2noc(C(C)C)c2COc2ccc(-c3ccc4c(C(=O)O)cn(C)c4c3)c(C)c2)n1,CHEMBL466887,2000.0,False
176,CC(C)c1onc(-c2c(Cl)cccc2Cl)c1COc1ccc(-c2ccc3c(C(=O)O)cccc3c2)cc1,CHEMBL476302,77.5,True
177,CC[C@@H](C)c1onc(-c2c(Cl)cccc2Cl)c1COc1ccc(/C=C/c2cccc(C(=O)O)c2)c(Cl)c1,CHEMBL466831,99.0,True
204,CC(C)c1onc(COc2c(Cl)cccc2Cl)c1COc1ccc(/C=C/c2cccc(C(=O)O)c2)c(Cl)c1,CHEMBL466451,83.5,True
211,CC(C)c1onc([C@H]2C[C@@H]2c2c(Cl)cccc2Cl)c1COc1ccc(/C=C/c2cccc(C(=O)O)c2)c(Cl)c1,CHEMBL467906,2000.0,False
212,CC(C)c1onc(COc2cc(Cl)cc(Cl)c2)c1COc1ccc(/C=C/c2cccc(C(=O)O)c2)c(Cl)c1,CHEMBL523368,1100.0,False
213,CC(C)c1onc(COc2ccc(Cl)c(Cl)c2)c1COc1ccc(/C=C/c2cccc(C(=O)O)c2)c(Cl)c1,CHEMBL437481,1100.0,False
214,CC(C)c1onc(CO)c1COc1ccc(/C=C/c2cccc(C(=O)O)c2)c(Cl)c1,CHEMBL466233,7800.0,False
219,CC(C)c1onc(-c2c(Cl)cccc2Cl)c1COc1ccc2nc(-c3cccc(C(=O)O)c3)sc2c1,CHEMBL551344,410.0,False
225,CC(C)c1onc(-c2c(Cl)cccc2Cl)c1COc1ccc2c(c1)CC(=O)N(c1cccc(C(=O)O)c1)C2,CHEMBL558662,1100.0,False
233,CC(C)c1onc(-c2c(Cl)cccc2Cl)c1COc1ccc2[nH]cc(Cc3cccc(C(=O)O)c3)c2c1,CHEMBL2094007,1500.0,False
236,CC(C)c1onc(-c2c(Cl)cccc2Cl)c1CCc1nc2cccc(Nc3cccc(C(=O)O)c3)c2o1,CHEMBL559890,1700.0,False
237,CC[C@@H]1[C@@H]2C[C@H](O)CC[C@]2(C)[C@H]2CC[C@@]3(C)[C@@H](CC[C@@H]3[C@H](C)C[C@H](O)C(=O)O)[C@@H]2[C@@H]1O,CHEMBL566985,11800.0,False
238,CC(C)OC(=O)C1=CN(C(=O)c2ccc(F)c(F)c2)CC(C)(C)c2cc(C#N)[nH]c21,CHEMBL565728,6.3,True
239,CC(C)OC(=O)C1=CN(C(=O)c2cccc(F)c2)CC(C)(C)c2cc(C#N)[nH]c21,CHEMBL578970,2.5,True
240,CC(C)OC(=O)C1=CN(C(=O)c2ccc(F)cc2)CC(C)(C)c2cc(C#N)[nH]c21,CHEMBL578150,5.0,True
241,CC(C)OC(=O)C1=CN(C(=O)C2CCCCC2)CC(C)(C)c2cc(C#N)[nH]c21,CHEMBL568235,6.5,True
242,CC(C)OC(=O)C1=CN(C(=O)c2ccc(C#N)cc2)CC(C)(C)c2cc(C#N)[nH]c21,CHEMBL571961,35.0,True
243,CC(C)OC(=O)C1=CN(C(=O)c2cccc(Cl)c2)CC(C)(C)c2cc(C#N)[nH]c21,CHEMBL578757,12.0,True
244,CC(C)OC(=O)C1=CN(C(=O)c2cccc(C(F)(F)F)c2)CC(C)(C)c2cc(C#N)[nH]c21,CHEMBL576415,8.5,True
245,CC(C)OC(=O)C1=CN(C(=O)c2cccs2)CC(C)(C)c2cc(C#N)[nH]c21,CHEMBL578756,16.0,True
246,CC(C)OC(=O)C1CN(C(=O)c2ccc(F)c(F)c2)CC(C)(C)c2cc(C#N)[nH]c21,CHEMBL568014,280.0,False
247,CC(C)OC(=O)C1CN(C(=O)c2cccc(F)c2)CC(C)(C)c2cc(C#N)[nH]c21,CHEMBL584048,1300.0,False
248,CC(C)OC(=O)C1CN(C(=O)c2ccc(F)cc2)CC(C)(C)c2cc(C#N)[nH]c21,CHEMBL565729,640.0,False
249,CC(C)OC(=O)C1CN(C(=O)C2CCCCC2)CC(C)(C)c2cc(C#N)[nH]c21,CHEMBL579197,1900.0,False
250,CC(C)OC(=O)C1CN(C(=O)c2ccc(C#N)cc2)CC(C)(C)c2cc(C#N)[nH]c21,CHEMBL579263,5700.0,False
251,CC(C)OC(=O)C1CN(C(=O)c2cccc(Cl)c2)CC(C)(C)c2cc(C#N)[nH]c21,CHEMBL565752,1300.0,False
252,CC(C)OC(=O)C1CN(C(=O)c2cccc(C(F)(F)F)c2)CC(C)(C)c2cc(C#N)[nH]c21,CHEMBL565981,2700.0,False
253,CC(C)OC(=O)C1CN(C(=O)c2ccc(Cl)cc2)CC(C)(C)c2cc(C#N)[nH]c21,CHEMBL584897,4100.0,False
254,CC(C)OC(=O)C1CN(C(=O)C2CCOCC2)CC(C)(C)c2cc(C#N)[nH]c21,CHEMBL576636,3300.0,False
255,CC(C)OC(=O)C1=CN(C(=O)c2ccc(F)c(F)c2)CC(C)(C)c2c1[nH]c1ccc(F)cc21,CHEMBL603278,45.0,True
256,CC(C)OC(=O)C1=CN(C(=O)c2cccc(CN3CCOCC3)c2)CC(C)(C)c2c1[nH]c1ccccc21,CHEMBL604334,1579.0,False
257,CC(C)OC(=O)C1=CN(C(=O)c2cccc(CN3CCN(C)CC3)c2)CC(C)(C)c2c1[nH]c1ccccc21,CHEMBL601434,368.0,False
258,CC(C)OC(=O)C1=CN(C(=O)c2cccc(CN3CCCCC3)c2)CC(C)(C)c2c1[nH]c1ccccc21,CHEMBL601647,534.0,False
259,CC(C)OC(=O)C1=CN(C(=O)c2cccc(CN3CCCC3)c2)CC(C)(C)c2c1[nH]c1ccccc21,CHEMBL602883,340.0,False
260,CC(C)OC(=O)C1=CN(C(=O)c2ccc(CN3CCOCC3)cc2)CC(C)(C)c2c1[nH]c1ccccc21,CHEMBL603086,23.0,True
261,CC(C)OC(=O)C1=CN(C(=O)c2ccc(CN3CCOCC3)cc2)CC(C)(C)c2c1[nH]c1cc(F)ccc21,CHEMBL603282,447.0,False
262,CC(C)OC(=O)C1=CN(C(=O)c2ccc(CCN3CCOCC3)cc2)CC(C)(C)c2c1[nH]c1ccccc21,CHEMBL602681,602.0,False
263,CC(C)OC(=O)C1=CN(C(=O)c2ccc(CCN3CCOCC3)cc2)CC(C)(C)c2c1[nH]c1cc(F)ccc21,CHEMBL611221,342.0,False
264,CC(C)OC(=O)C1=CN(C(=O)c2ccc(OCCCN3CCOCC3)cc2)CC(C)(C)c2c1[nH]c1ccccc21,CHEMBL601873,101.0,False
265,CC(C)OC(=O)C1=CN(C(=O)c2ccc(OCCN3CCCCC3)cc2)CC(C)(C)c2c1[nH]c1ccccc21,CHEMBL603492,1066.0,False
266,CC(C)OC(=O)C1=CN(C(=O)c2ccc(OCCN(C)C)cc2)CC(C)(C)c2c1[nH]c1ccccc21,CHEMBL604761,439.0,False
267,CC(C)OC(=O)C1=CN(C(=O)c2ccc(OCCN3CCCC3)cc2)CC(C)(C)c2c1[nH]c1ccccc21,CHEMBL600415,698.0,False
268,CC(C)OC(=O)C1=CN(C(=O)c2ccc(OCCN3CCOCC3)cc2)CC(C)(C)c2c1[nH]c1ccccc21,CHEMBL602894,249.0,False
269,CC(C)OC(=O)C1=CN(C(=O)c2ccc(OCCN3CCN(C)CC3)cc2)CC(C)(C)c2c1[nH]c1ccccc21,CHEMBL602895,287.0,False
270,CC(C)OC(=O)C1=CN(C(=O)c2ccc(OCCCN(C)C)cc2)CC(C)(C)c2c1[nH]c1ccccc21,CHEMBL603099,271.0,False
271,CC(C)OC(=O)C1=CN(C(=O)c2ccc(OCCCN3CCCC3)cc2)CC(C)(C)c2c1[nH]c1ccccc21,CHEMBL602494,362.0,False
272,CC(C)OC(=O)C1=CN(C(=O)c2ccc(OCCCN3CCCCC3)cc2)CC(C)(C)c2c1[nH]c1ccccc21,CHEMBL602495,424.0,False
273,CC(C)OC(=O)C1=CN(C(=O)c2ccc(OCCCN3CCN(C)CC3)cc2)CC(C)(C)c2c1[nH]c1ccccc21,CHEMBL592647,194.0,False
274,CC(C)OC(=O)C1=CN(C(=O)c2cccc(OCCN(C)C)c2)CC(C)(C)c2c1[nH]c1ccccc21,CHEMBL602693,1386.0,False
275,CC(C)OC(=O)C1=CN(C(=O)c2cccc(OCCN3CCCC3)c2)CC(C)(C)c2c1[nH]c1ccccc21,CHEMBL602287,1317.0,False
276,CC(C)OC(=O)C1=CN(C(=O)c2cccc(OCCN3CCCCC3)c2)CC(C)(C)c2c1[nH]c1ccccc21,CHEMBL602288,894.0,False
277,CC(C)OC(=O)C1=CN(C(=O)c2cccc(OCCN3CCOCC3)c2)CC(C)(C)c2c1[nH]c1ccccc21,CHEMBL605996,855.0,False
278,CC(C)OC(=O)C1=CN(C(=O)c2cccc(OCCN3CCN(C)CC3)c2)CC(C)(C)c2c1[nH]c1ccccc21,CHEMBL601251,2870.0,False
279,CC(C)OC(=O)C1=CN(C(=O)c2cccc(OCCCN(C)C)c2)CC(C)(C)c2c1[nH]c1ccccc21,CHEMBL601459,617.0,False
280,CC(C)OC(=O)C1=CN(C(=O)c2cccc(OCCCN3CCCC3)c2)CC(C)(C)c2c1[nH]c1ccccc21,CHEMBL602059,1603.0,False
281,CC(C)OC(=O)C1=CN(C(=O)c2cccc(OCCCN3CCCCC3)c2)CC(C)(C)c2c1[nH]c1ccccc21,CHEMBL604335,1121.0,False
282,CC(C)OC(=O)C1=CN(C(=O)c2cccc(OCCCN3CCOCC3)c2)CC(C)(C)c2c1[nH]c1ccccc21,CHEMBL602061,796.0,False
283,CC(C)OC(=O)C1=CN(C(=O)c2cccc(OCCCN3CCN(C)CC3)c2)CC(C)(C)c2c1[nH]c1ccccc21,CHEMBL602709,1023.0,False
284,CC(C)OC(=O)C1=CN(C(=O)c2ccc(OCCCN3CCOCC3)cc2)CC(C)(C)c2c1[nH]c1cc(F)ccc21,CHEMBL589766,88.0,True
285,CC(C)OC(=O)C1=CN(C(=O)c2ccc(OCCN3CCOCC3)cc2)CC(C)(C)c2c1[nH]c1cc(F)ccc21,CHEMBL601221,99.0,True
292,Cc1cc(C(F)(F)F)cc(OCc2c(-c3c(Cl)cccc3Cl)noc2C(C)C)n1,CHEMBL1209061,225.0,False
295,CC(C)c1onc(-c2c(Cl)cccc2Cl)c1COc1ccc(N(C)Cc2ccc(CCC(=O)O)cc2)c(C(F)(F)F)n1,CHEMBL1209110,22.666666666666668,True
299,CC(C)c1onc(-c2c(Cl)cccc2Cl)c1COc1ccc(N(C)Cc2ccc(OCCO)cc2)c(C(F)(F)F)n1,CHEMBL1209169,159.5,False
300,CN(Cc1cccc(C(=O)O)c1)c1ccc(OCc2c(-c3c(Cl)cccc3Cl)noc2C2CC2)nc1C(F)(F)F,CHEMBL1209170,4.666666666666667,True
316,O=C(O)CCc1ccc(NC(=O)[C@H](C2CCCCC2)n2c(-c3ccc(Cl)cc3)nc3cc(F)c(F)cc32)c(F)c1,CHEMBL1668248,36.0,True
317,O=C(NC1CCCCC1)[C@H](C1CCCCC1)n1c(-c2ccc(Cl)cc2)nc2cc(F)c(F)cc21,CHEMBL1668238,50.0,True
318,O=C(O)c1ccc(NC(=O)[C@H](C2CCCCC2)n2c(-c3ccc(Cl)cc3)nc3cc(F)c(F)cc32)c(C(F)(F)F)c1,CHEMBL1668244,50.0,True
319,O=C(O)c1ccc(NC(=O)[C@H](C2CCCCC2)n2c(-c3ccc(Cl)cc3)nc3ccccc32)c(C(F)(F)F)c1,CHEMBL1668259,90.0,True
320,O=C(N[C@H]1CC[C@H](O)CC1)[C@H](C1CCCCC1)n1c(-c2ccc(Cl)cc2)nc2cc(F)c(F)cc21,CHEMBL1668239,300.0,False
321,O=C(O)c1ccc(NC(=O)[C@H](C2CCCCC2)n2c(-c3ccc(Cl)cc3)nc3cc(F)c(F)cc32)c(F)c1,CHEMBL1615152,300.0,False
322,O=C(O)c1ccc(NC(=O)[C@H](C2CCCCC2)n2c(-c3ccc(Cl)cc3)nc3cc(F)c(F)cc32)c(Cl)c1,CHEMBL1668243,300.0,False
323,O=C(Nc1ccc(-c2nnn[nH]2)cc1F)[C@H](C1CCCCC1)n1c(-c2ccc(Cl)cc2)nc2cc(F)c(F)cc21,CHEMBL1668257,300.0,False
324,Cc1cc(C(=O)O)ccc1NC(=O)[C@H](C1CCCCC1)n1c(-c2ccc(Cl)cc2)nc2cc(F)c(F)cc21,CHEMBL1615150,500.0,False
325,O=C(Nc1ccc(OC2(C(=O)O)CC2)cc1F)[C@H](C1CCCCC1)n1c(-c2ccc(Cl)cc2)nc2cc(F)c(F)cc21,CHEMBL1668249,600.0,False
326,O=C(O)c1ccc(NC(=O)[C@H](C2CCCCC2)n2c(-c3ccc(Cl)cc3)nc3cc(F)ccc32)c(F)c1,CHEMBL1668258,1100.0,False
327,COc1ccc(-c2nc3cc(F)c(F)cc3n2[C@H](C(=O)N[C@H]2CC[C@H](C(=O)O)CC2)C2CCCCC2)c(Cl)n1,CHEMBL1668262,1100.0,False
328,O=C(O)c1cc(F)c(NC(=O)[C@H](C2CCCCC2)n2c(-c3ccc(Cl)cc3)nc3cc(F)c(F)cc32)c(F)c1,CHEMBL1615154,1400.0,False
329,COc1ccc(-c2nc3cc(F)c(F)cc3n2[C@H](C(=O)N[C@H]2CC[C@H](C(=O)O)CC2)C2CCCCC2)c(OC)n1,CHEMBL1668261,1700.0,False
330,O=C(O)CCc1ccc(NC(=O)C(C2CCCCC2)n2c(-c3ccc(Cl)cc3)nc3cc(F)c(F)cc32)cc1,CHEMBL1668247,2000.0,False
331,O=C(O)c1ccc(NC(=O)[C@H](C2CCCCC2)n2c(-c3ccc(Cl)cc3)nc3cc(F)c(F)cc32)cc1,CHEMBL1615153,2500.0,False
332,O=C(N[C@H]1CC[C@H](C(=O)O)CC1)[C@H](C1CCCCC1)n1c(-c2ccc(Cl)cc2)nc2cc(F)c(F)cc21,CHEMBL1668240,2700.0,False
333,O=C(O)Cc1ccc(NC(=O)C(C2CCCCC2)n2c(-c3ccc(Cl)cc3)nc3cc(F)c(F)cc32)cc1,CHEMBL1668246,4900.0,False
334,O=C(O)C[C@H]1CC[C@H](NC(=O)[C@H](C2CCCCC2)n2c(-c3ccc(Cl)cc3)nc3cc(F)c(F)cc32)CC1,CHEMBL1668251,5000.0,False
335,O=C(N[C@H]1CC[C@H](C(=O)O)CC1)[C@H](C1CCCCC1)n1c(-c2ccc(Cl)nc2)nc2cc(F)c(F)cc21,CHEMBL1668260,9700.0,False
336,O=C(O)CO[C@H]1CC[C@H](NC(=O)[C@H](C2CCCCC2)n2c(-c3ccc(Cl)nc3)nc3cc(F)c(F)cc32)CC1,CHEMBL1668252,9900.0,False
337,O=C(NC[C@H]1CC[C@H](C(=O)O)CC1)[C@H](C1CCCCC1)n1c(-c2ccc(Cl)cc2)nc2cc(F)c(F)cc21,CHEMBL1668250,10000.0,False
338,COc1cc(C(=O)O)ccc1NC(=O)[C@H](C1CCCCC1)n1c(-c2ccc(Cl)cc2)nc2cc(F)c(F)cc21,CHEMBL1668245,10400.0,False
339,Cc1nc(NC(=O)C(C2CCCCC2)n2c(-c3ccc(Cl)cc3)nc3cc(F)c(F)cc32)sc1C(=O)O,CHEMBL1668253,10400.0,False
340,O=C(O)c1ccc(NC(=O)C(C2CCCCC2)n2c(-c3ccc(Cl)cc3)nc3cc(F)c(F)cc32)nc1,CHEMBL1668255,10600.0,False
341,O=C(O)c1cccc(NC(=O)C(C2CCCCC2)n2c(-c3ccc(Cl)cc3)nc3cc(F)c(F)cc32)c1,CHEMBL1668242,10700.0,False
349,CC(C)c1onc(-c2c(Cl)cccc2Cl)c1COc1ccc(-c2ccc3nc(C(=O)O)nnc3c2)cc1,CHEMBL1672455,360.0,False
361,CC(C)COc1cc(C(=O)O)nc2ccc(-c3ccc(OCc4c(-c5c(Cl)cccc5Cl)noc4C(C)C)cc3)cc12,CHEMBL1672467,79.5,True
362,O=S(=O)(Nc1ccc(C(O)(C(F)(F)F)C(F)(F)F)cc1)c1cccc2ccccc12,CHEMBL1709579,12000.0,False
364,CC[C@@H]1[C@@H]2C[C@H](O)CC[C@]2(C)[C@H]2CC[C@@]3(C)[C@@H](CC[C@@H]3[C@H](C)CCNC(=O)OC/C=C/c3ccccc3)[C@@H]2[C@@H]1O,CHEMBL1765565,150.0,False
367,CC(C)c1onc(-c2c(Cl)cccc2Cl)c1COc1ccc(-c2ccc3c(C(=O)O)csc3c2)cc1,CHEMBL1834968,22.5,True
368,CC(C)c1onc(-c2c(Cl)cccc2Cl)c1COc1ccc(-c2ccc3c(C(=O)O)c[nH]c3c2)cc1,CHEMBL1835044,25.5,True
377,CC(C)c1onc(-c2c(Cl)cccc2Cl)c1COc1ccc(N(C(=O)c2cccc(C(=O)O)c2)c2cccc3ccccc23)c(Cl)c1,CHEMBL2032446,410.0,False
378,CC(C)c1onc(-c2c(Cl)cccc2Cl)c1COc1ccc(C(=O)N(Cc2ccccc2)c2ccc(C(=O)O)cc2)c(Cl)c1,CHEMBL2017548,2600.0,False
379,CC(C)c1onc(-c2c(Cl)cccc2Cl)c1COc1ccc(C(=O)N(c2cccc(C(=O)O)c2)c2cccc3ccccc23)c(Cl)c1,CHEMBL2017542,3000.0,False
380,CCCCN(C(=O)c1ccc(OCc2c(-c3c(Cl)cccc3Cl)noc2C(C)C)cc1Cl)c1cccc(C(=O)O)c1,CHEMBL2017541,1100.0,False
382,COc1ccccc1-n1nc(C)c2c1NC(=O)[C@H](C)S[C@@H]2c1ccc(Oc2ccccc2)cc1,CHEMBL2037335,3300.0,False
383,Cc1nn(-c2ccccc2I)c2c1C(c1ccc(Oc3ccccc3)cc1)SC(C)C(=O)N2,CHEMBL2037334,1300.0,False
384,Cc1nn(-c2ccccc2Br)c2c1C(c1ccc(Oc3ccccc3)cc1)SC(C)C(=O)N2,CHEMBL2037333,1800.0,False
385,Cc1nn(-c2ccccc2Cl)c2c1C(c1ccc(Oc3ccccc3)cc1)SC(C)C(=O)N2,CHEMBL2037332,2700.0,False
386,Cc1nn(-c2ccccc2F)c2c1C(c1ccc(Oc3ccccc3)cc1)SC(C)C(=O)N2,CHEMBL2037331,3900.0,False
387,Cc1nn(-c2ccccc2C(F)(F)F)c2c1C(c1ccc(Oc3ccccc3)cc1)SC(C)C(=O)N2,CHEMBL2037330,2000.0,False
388,Cc1nn(-c2ccccc2C(C)C)c2c1[C@@H](c1ccc(Oc3ccccc3)cc1)S[C@@H](C)C(=O)N2,CHEMBL2037329,1900.0,False
389,CCCc1ccccc1-n1nc(C)c2c1NC(=O)[C@H](C)S[C@@H]2c1ccc(Oc2ccccc2)cc1,CHEMBL2037328,1100.0,False
390,CCc1ccccc1-n1nc(C)c2c1NC(=O)[C@H](C)S[C@@H]2c1ccc(Oc2ccccc2)cc1,CHEMBL2037327,1100.0,False
391,Cc1ccc(-n2nc(C)c3c2NC(=O)[C@H](C)S[C@@H]3c2ccc(Oc3ccccc3)cc2)cc1,CHEMBL2037326,3400.0,False
392,Cc1cccc(-n2nc(C)c3c2NC(=O)[C@H](C)S[C@@H]3c2ccc(Oc3ccccc3)cc2)c1,CHEMBL2037325,2400.0,False
393,COc1cc([C@H]2S[C@@H](C)C(=O)Nc3c2c(C)nn3-c2ccccc2C)ccc1Oc1ccccc1,CHEMBL2037324,1900.0,False
394,COc1ccc(Oc2ccc([C@H]3S[C@@H](C)C(=O)Nc4c3c(C)nn4-c3ccccc3C)cc2)cc1,CHEMBL2037316,2200.0,False
395,COc1cccc(Oc2ccc([C@H]3S[C@@H](C)C(=O)Nc4c3c(C)nn4-c3ccccc3C)cc2)c1,CHEMBL2037315,1700.0,False
396,COc1ccccc1Oc1ccc([C@H]2S[C@@H](C)C(=O)Nc3c2c(C)nn3-c2ccccc2C)cc1,CHEMBL2037314,1700.0,False
398,Cc1ccccc1-n1nc(C)c2c1NC(=O)[C@H](C)S[C@@H]2c1ccc(-c2cc3ccccc3o2)cc1,CHEMBL2037312,1500.0,False
399,Cc1ccccc1-n1nc(C)c2c1NC(=O)[C@H](C)S[C@@H]2c1ccc(-c2ccoc2)cc1,CHEMBL2037306,3500.0,False
400,Cc1ccccc1-n1nc(C)c2c1NC(=O)[C@H](C)S[C@@H]2c1ccc(-c2ccco2)cc1,CHEMBL2037305,3600.0,False
401,Cc1ccccc1-n1nc(C)c2c1NC(=O)[C@H](C)S[C@@H]2c1ccc(-c2ccsc2)cc1,CHEMBL2037311,1400.0,False
402,Cc1ccccc1-n1nc(C)c2c1NC(=O)[C@H](C)S[C@@H]2c1ccc(-c2cccs2)cc1,CHEMBL2037310,2600.0,False
403,CCOc1cccc(-c2ccc([C@H]3S[C@@H](C)C(=O)Nc4c3c(C)nn4-c3ccccc3C)cc2)c1,CHEMBL2037190,3500.0,False
404,COc1ccc(-c2ccc([C@H]3S[C@@H](C)C(=O)Nc4c3c(C)nn4-c3ccccc3C)cc2)cc1,CHEMBL2037189,1200.0,False
405,COc1cccc(-c2ccc([C@H]3S[C@@H](C)C(=O)Nc4c3c(C)nn4-c3ccccc3C)cc2)c1,CHEMBL2037188,1800.0,False
406,COc1ccccc1-c1ccc([C@H]2S[C@@H](C)C(=O)Nc3c2c(C)nn3-c2ccccc2C)cc1,CHEMBL2037187,1100.0,False
407,Cc1ccccc1-n1nc(C)c2c1NC(=O)[C@H](C)S[C@@H]2c1ccc(-c2ccccc2)cc1,CHEMBL2037186,990.0,False
408,COc1ccc(C2SC(C)C(=O)Nc3c2c(C)nn3-c2ccccc2C)c(OC)c1,CHEMBL2037185,10500.0,False
409,COC(=O)/C=C/c1cccc(N(Cc2ccc(-c3ccc(C(C)(C)C)cc3)cc2)C(=O)C(C)C)c1,CHEMBL2158160,343.0,False
410,COC(=O)/C=C/c1cccc(N(Cc2ccc(-c3ccccc3OC)cc2)C(=O)C(C)C)c1,CHEMBL2158161,377.0,False
411,COC(=O)/C=C/c1cccc(N(Cc2ccc(/C=C/c3ccccc3)cc2)C(=O)C2CCCCC2)c1,CHEMBL2158162,36.0,True
413,Cc1cc(OCc2c(-c3c(Cl)cncc3Cl)noc2C(C)C)ccc1-c1ccc2c(c1)c(C(=O)O)cn2C,CHEMBL2158164,94.0,True
414,CC1(C)CCC[C@@]2(C)[C@H]1CC[C@]1(C)[C@@H](CCc3ccoc3)[C@H](CCCO)CC[C@H]21,CHEMBL2386488,30000.0,False
415,CC1(C)CCC[C@@]2(C)[C@H]1CC[C@]1(C)[C@@H](CCc3ccoc3)[C@@H](O)CC[C@H]21,CHEMBL2386485,25000.0,False
416,CCC1SC(c2ccc(Oc3ccccc3)cc2)c2c(C)nn(-c3ccccc3C)c2NC1=O,CHEMBL2398209,3000.0,False
417,Cc1ccccc1-n1nc(C)c2c1NC(=O)CS[C@H]2c1ccc(Oc2ccccc2)cc1,CHEMBL2398208,14000.0,False
418,CCc1nn(-c2ccccc2C)c2c1[C@@H](c1ccc(Oc3ccccc3)cc1)S[C@@H](C)C(=O)N2,CHEMBL2398207,2000.0,False
419,CCN(c1ccc(C(O)(C(F)(F)F)C(F)(F)F)cc1)S(=O)(=O)c1ccccc1,CHEMBL2326845,9000.0,False
420,O=S(=O)(c1ccc(F)cc1)N(CC(F)(F)F)c1ccc(C(O)(C(F)(F)F)C(F)(F)F)cc1,CHEMBL3094369,1000.0,False
421,N#Cc1ccc(S(=O)(=O)N(CC(F)(F)F)c2ccc(C(O)(C(F)(F)F)C(F)(F)F)cc2)cc1,CHEMBL3094367,3000.0,False
422,Cc1ccc2nc(-c3cccs3)c(NCc3ccc4c(c3)OCO4)n2c1,CHEMBL3219412,480.0,False
423,CCc1ccc(C(=O)Nc2ccccc2C(=O)NCCCC(=O)O)cc1,CHEMBL3262946,5800.0,False
424,CC(C)(C)c1ccc(C(=O)Nc2ccccc2C(=O)NCCCC(=O)O)cc1,CHEMBL3262947,2500.0,False
426,O=C(O)CCCNC(=O)c1ccccc1NC(=O)/C=C/c1ccccc1,CHEMBL3263240,720.0,False
427,COC(=O)CCCNC(=O)c1ccccc1NC(=O)c1ccc2ccccc2c1,CHEMBL3263243,7100.0,False
428,O=C(O)CCCCNC(=O)c1ccccc1NC(=O)c1ccc2ccccc2c1,CHEMBL3263244,8300.0,False
429,O=C(O)CCCCCNC(=O)c1ccccc1NC(=O)c1ccc2ccccc2c1,CHEMBL3263245,4400.0,False
430,O=C(O)c1ccc(NC(=O)c2ccccc2NC(=O)c2ccc3ccccc3c2)cc1,CHEMBL3263246,1000.0,False
431,O=C(O)c1cccc(NC(=O)c2ccccc2NC(=O)c2ccc3ccccc3c2)c1,CHEMBL3263247,1500.0,False
432,O=C(O)c1ccc(CNC(=O)c2ccccc2NC(=O)c2ccc3ccccc3c2)cc1,CHEMBL3263248,1300.0,False
433,O=C(O)Cc1ccc(NC(=O)c2ccccc2NC(=O)c2ccc3ccccc3c2)cc1,CHEMBL3263249,3100.0,False
435,CC(C)c1occ(COc2c(Cl)cccc2Cl)c1COc1ccc(/C=C/c2cccc(C(=O)O)c2)c(Cl)c1,CHEMBL3357417,1230.0,False
442,CC(C)CN(Cc1ccc(-c2ccc(S(C)(=O)=O)cc2)cc1)S(=O)(=O)Cc1ccccc1,CHEMBL3263710,2400.0,False
443,CC[C@@H]1[C@@H]2C[C@H](O)CC[C@]2(C)[C@H]2CC[C@@]3(C)[C@@H](CC[C@@H]3[C@H](C)CCO)[C@@H]2[C@@H]1O,CHEMBL3342086,2000.0,False
444,CC(C)(C)c1ccc(C(=O)Nc2ccccc2C(=O)Nc2cccc(C(=O)O)c2)cc1,CHEMBL3335622,280.0,False
445,O=C(O)c1cccc(NC(=O)c2ccccc2NC(=O)c2ccc(C(F)(F)F)cc2)c1,CHEMBL3335623,6900.0,False
446,O=C(O)c1cccc(NC(=O)c2ccccc2NC(=O)c2ccc(Br)cc2)c1,CHEMBL3335624,3700.0,False
447,O=C(O)c1cccc(NC(=O)c2ccccc2NC(=O)c2ccc3c(c2)OCO3)c1,CHEMBL3335625,10000.0,False
448,O=C(O)c1cccc(NC(=O)c2ccccc2NC(=O)c2ccc3c(c2)OCCO3)c1,CHEMBL3335627,4900.0,False
449,O=C(O)c1cccc(NC(=O)c2ccccc2NC(=O)c2ccc(C(F)(F)F)c(F)c2)c1,CHEMBL3335628,5000.0,False
450,O=C(/C=C/c1ccccc1)Nc1ccccc1C(=O)Nc1cccc(C(=O)O)c1,CHEMBL3335644,5200.0,False
451,CC(=O)c1cccc(NC(=O)c2ccccc2NC(=O)c2ccc(C(C)(C)C)cc2)c1,CHEMBL3335645,480.0,False
452,CC(C)(C)c1ccc(C(=O)Nc2ccccc2C(=O)Nc2cccc(C#N)c2)cc1,CHEMBL3335646,230.0,False
453,COc1cccc(NC(=O)c2ccccc2NC(=O)c2ccc(C(C)(C)C)cc2)c1,CHEMBL3335647,380.0,False
454,CSc1cccc(NC(=O)c2ccccc2NC(=O)c2ccc(C(C)(C)C)cc2)c1,CHEMBL3335648,200.0,False
455,CC(C)(C)c1ccc(C(=O)Nc2ccccc2C(=O)Nc2cccc(-c3nnn[nH]3)c2)cc1,CHEMBL3335649,2900.0,False
456,CC(C)(C)c1ccc(C(=O)Nc2ccccc2C(=O)Nc2cccc(C(N)=O)c2)cc1,CHEMBL3335650,72.0,True
457,COc1ccc(NC(=O)c2ccccc2NC(=O)c2ccc(C(C)(C)C)cc2)cc1OC,CHEMBL3335651,71.0,True
458,CC(C)(C)c1ccc(C(=O)Nc2ccccc2C(=O)Nc2cccc(CC(=O)O)c2)cc1,CHEMBL3335653,420.0,False
459,CC(C)(C)c1ccc(C(=O)Nc2ccccc2C(=O)Nc2cccc(CCC(=O)O)c2)cc1,CHEMBL3335654,62.0,True
460,Cc1c(NC(=O)c2ccccc2NC(=O)c2ccc(C(C)(C)C)cc2)cccc1C(=O)O,CHEMBL3335656,42.0,True
461,COc1ccc(C(=O)O)cc1NC(=O)c1ccccc1NC(=O)c1ccc(C(C)(C)C)cc1,CHEMBL3335657,4700.0,False
462,CC(C)(C)c1ccc(C(=O)Nc2ccccc2C(=O)Nc2cc(C(=O)O)ccc2F)cc1,CHEMBL3335658,480.0,False
463,CC(C)(C)c1ccc(C(=O)Nc2ccccc2C(=O)Nc2cc(C(=O)O)ccc2Cl)cc1,CHEMBL3335659,1100.0,False
464,Cc1ccc(NC(=O)c2ccccc2NC(=O)c2ccc(C(C)(C)C)cc2)cc1C(=O)O,CHEMBL3335660,45.0,True
465,COc1ccc(NC(=O)c2ccccc2NC(=O)c2ccc(C(C)(C)C)cc2)cc1C(=O)O,CHEMBL3335661,47.0,True
466,CC(C)(C)c1ccc(C(=O)Nc2ccccc2C(=O)Nc2ccc(Cl)c(C(=O)O)c2)cc1,CHEMBL3335662,280.0,False
467,CC(C)(C)c1ccc(C(=O)Nc2ccccc2C(=O)Nc2ccc(Br)c(C(=O)O)c2)cc1,CHEMBL3335663,150.0,False
469,Cc1ccc(C(=O)Nc2cccc(C(=O)O)c2)c(NC(=O)c2ccc(C(C)(C)C)cc2)c1,CHEMBL3335670,61.0,True
470,CC(C)(C)c1ccc(C(=O)Nc2cc(Br)ccc2C(=O)Nc2cccc(C(=O)O)c2)cc1,CHEMBL3335671,48.0,True
471,COc1ccc(C(=O)Nc2cccc(C(=O)O)c2)c(NC(=O)c2ccc(C(C)(C)C)cc2)c1,CHEMBL3335672,8.0,True
472,Cc1ccc(NC(=O)c2ccc(Cl)cc2NC(=O)c2ccc(C(C)(C)C)cc2)cc1C(=O)O,CHEMBL3335673,110.0,False
473,COc1ccc(C(=O)Nc2ccc(C)c(C(=O)O)c2)c(NC(=O)c2ccc(C(C)(C)C)cc2)c1,CHEMBL3335674,87.0,True
474,Cc1ccc(C(=O)Nc2ccc(C)c(C(=O)O)c2)c(NC(=O)c2ccc(C(C)(C)C)cc2)c1,CHEMBL3335675,43.0,True
475,O=C(O)c1cccc(NC(=O)c2cc(Cl)ccc2NC(=O)c2ccc(C(F)(F)F)cc2)c1,CHEMBL3393177,3400.0,False
476,O=C(O)c1cccc(NC(=O)c2ccc(Cl)cc2NC(=O)c2ccc(C(F)(F)F)cc2)c1,CHEMBL3393178,2100.0,False
477,O=C(O)Cc1cccc(NC(=O)c2ccccc2NC(=O)c2ccc(C(F)(F)F)cc2)c1,CHEMBL3393179,2600.0,False
478,O=C(O)CCc1cccc(NC(=O)c2ccccc2NC(=O)c2ccc(C(F)(F)F)cc2)c1,CHEMBL3393180,2300.0,False
479,O=C(O)Cc1cccc(NC(=O)c2ccccc2NC(=O)c2ccc(-c3ccccc3)cc2)c1,CHEMBL3393181,700.0,False
480,CSc1ccc(C(=O)Nc2ccccc2C(=O)Nc2cccc(CC(=O)O)c2)cc1,CHEMBL3393182,8500.0,False
481,O=C(O)Cc1cccc(NC(=O)c2ccccc2NC(=O)c2ccc(SC(F)(F)F)cc2)c1,CHEMBL3393183,7000.0,False
482,O=C(O)Cc1cccc(NC(=O)c2ccccc2NC(=O)c2ccc3ccccc3c2)c1,CHEMBL3393187,2500.0,False
483,CC(=O)N1CCN(c2ccc(CN(C3CCC3)S(=O)(=O)Cc3ccccc3F)c(F)c2)CC1,CHEMBL3581533,6100.0,False
484,CCN(CC)c1ccc2cc(-c3nc(-c4ccccc4)no3)c(=O)oc2c1,CHEMBL1474248,460.0,False
485,Cc1ccccc1-c1noc(-c2cccc(C(=O)O)c2)n1,CHEMBL3589975,7.2,True
486,Cc1ccccc1-c1noc(-c2ccc(C(=O)O)cc2)n1,CHEMBL3589974,220.0,False
487,Cc1ccc(-c2noc(-c3ccc(Cl)cc3)n2)cc1,CHEMBL3589973,410.0,False
488,Brc1ccc(-c2nc(-c3ccccc3)no2)cc1,CHEMBL3589972,350.0,False
489,COc1ccc(-c2nc(-c3ccccc3C)no2)cc1,CHEMBL3589970,120.0,False
490,COc1ccc(-c2nc(-c3cccc(C(F)(F)F)c3)no2)cc1,CHEMBL3589969,2900.0,False
491,c1ccc(-c2noc(-c3ccccc3)n2)cc1,CHEMBL2069933,530.0,False
492,O=C(Nc1ccc2c(c1)N(S(=O)(=O)c1ccc(F)cc1)CCC2)c1c(F)cccc1F,CHEMBL3617295,7600.0,False
493,O=C(Nc1ccc2c(c1)N(S(=O)(=O)c1ccc(F)cc1)CC2)c1c(F)cccc1F,CHEMBL3617297,4200.0,False
494,O=C(Nc1ccc2c(c1)N(S(=O)(=O)c1ccc(F)cc1)CCC2)c1ccccc1Cl,CHEMBL3617309,5900.0,False
495,O=C(Nc1ccc2c(c1)N(S(=O)(=O)c1ccc(F)cc1)CCC2)c1c(F)cccc1Cl,CHEMBL3314003,5300.0,False
496,CC(C)(C)OC(=O)/N=C(\NCCCc1cc(C(=O)NCc2ccncc2)no1)NC(=O)OC(C)(C)C,CHEMBL3740161,15390.0,False
497,CC(C)(C)OC(=O)/N=C(/NCCc1cc(NC(=O)Nc2ccncc2)no1)NC(=O)OC(C)(C)C,CHEMBL3741084,29940.0,False
499,C[Si](C)(O)c1ccc(N(CC(F)(F)F)S(=O)(=O)c2ccccc2)cc1,CHEMBL3781062,11000.0,False
500,COc1ccc(C(C)(C)c2cnc(SCCOc3ccc(-n4ccnc4)cc3)n2-c2ccc(F)cc2)cc1OC,CHEMBL3793436,6400.0,False
501,CNC(=O)O[C@@H](CC(C)C)c1nc([C@H]2OC(=O)/C(C)=C/C/C(C)=C/[C@@H](O)[C@@H](C)/C=C(C)\C=C(C)/C=C/[C@@H](O)[C@H](C)[C@H](OC)/C(C)=C/C=C/[C@@H]2C)cs1,CHEMBL241106,200.0,False
502,CS(=O)(=O)NC(=O)c1ccc([C@@H]2C[C@H]2c2ccc(OCc3c(-c4c(Cl)cccc4Cl)noc3C3CC3)cc2Cl)cc1,CHEMBL3823077,46.0,True
504,Cn1nc(C(=O)O)c2ccc(C3CC3c3ccc(OCc4c(-c5c(Cl)cccc5Cl)noc4C4CC4)cc3Cl)cc21,CHEMBL3824337,13.5,True
505,CC(C)n1nc(C(=O)O)cc1[C@@H]1C[C@H]1c1ccc(OCc2c(-c3c(Cl)cccc3Cl)noc2C2CC2)cc1Cl,CHEMBL3822755,4.0,True
506,CC(C)n1nc(C(=O)O)cc1C1CC1c1ccc(OCc2c(-c3c(Cl)cccc3Cl)noc2C2CC2)cc1Cl,CHEMBL3822798,6.5,True
507,O=C(O)c1cncc(C2CC2c2ccc(OCc3c(-c4c(Cl)cccc4Cl)noc3C3CC3)cc2Cl)c1,CHEMBL3824163,12.0,True
508,O=C(O)c1ccc(C2CC2c2ccc(OCc3c(-c4c(Cl)cccc4Cl)noc3C3CC3)cc2Cl)cn1,CHEMBL3823070,61.5,True
509,O=C(O)c1cccc([C@@H]2C[C@H]2c2ccc(OCc3c(-c4c(Cl)cccc4Cl)noc3C3CC3)cc2Cl)c1,CHEMBL3824162,23.5,True
511,O=C(O)c1cccc(C2CC2c2ccc(OCc3c(-c4c(Cl)cccc4Cl)noc3C3CC3)cc2Cl)c1,CHEMBL3822597,33.0,True
518,O=C(O)c1cccc([C@H]2C[C@H](c3ccc(OCc4c(-c5c(Cl)cccc5Cl)noc4C4CC4)cc3Cl)C2)c1,CHEMBL3822859,19.5,True
519,O=C(O)c1cccc([C@H]2C[C@@H](c3ccc(OCc4c(-c5c(Cl)cccc5Cl)noc4C4CC4)cc3Cl)C2)c1,CHEMBL3823491,84.5,True
520,O=C(O)c1cccc([C@H]2C[C@](O)(c3ccc(OCc4c(-c5c(Cl)cccc5Cl)noc4C4CC4)cc3Cl)C2)c1,CHEMBL3822901,27.0,True
524,O=C(O)c1cccc([C@H]2C[C@](OCCO)(c3ccc(OCc4c(-c5c(Cl)cccc5Cl)noc4C4CC4)cc3Cl)C2)c1,CHEMBL3823467,375.0,False
529,CC(C)c1onc(-c2c(Cl)cccc2Cl)c1COc1ccc(/C=C/c2cccc(C(=O)NNC(=S)Nc3ccc(-c4c5ccc(=O)cc-5oc5cc(O)ccc45)c(C(=O)O)c3)c2)c(Cl)c1,CHEMBL2398426,550.0,False
530,Cc1ccc(C(=O)NCc2ccc(C(=O)O)cc2)cc1C,CHEMBL4097715,320.0,False
531,O=C(O)c1ccc(CNC(=O)c2cccc(-c3ccccc3)c2)cc1,CHEMBL4095466,670.0,False
532,O=C(O)c1ccc(CNC(=O)c2ccc(-c3ccccc3)cc2)cc1,CHEMBL4068899,440.0,False
533,COc1ccc(C(=O)NCc2ccc(C(=O)O)cc2)cc1OC,CHEMBL4084092,370.0,False
534,O=C(O)c1ccc(CNC(=O)c2ccc3ccccc3c2)cc1,CHEMBL4104364,1360.0,False
535,CC(C)(C)c1ccc(C(=O)NCc2ccc(C(=O)O)cc2)cc1,CHEMBL4094234,370.0,False
536,COc1cc(C(=O)NCc2ccc(C(=O)O)cc2)ccc1C(C)(C)C,CHEMBL4067723,1200.0,False
537,CC(C)(C)c1ccc(NC(=O)Nc2ccc(C(=O)O)cc2)cc1,CHEMBL4088942,3800.0,False
538,CC(C)(C)c1ccc(C(=O)NCc2cccc(C(=O)O)c2)cc1,CHEMBL4078618,1700.0,False
539,CC(C)(C)c1ccc(C(=O)NCc2ccc(CC(=O)O)cc2)cc1,CHEMBL4096637,6400.0,False
540,CC(C)(C)c1ccc(C(=O)NCc2ccc(CCC(=O)O)cc2)cc1,CHEMBL4072573,350.0,False
541,CC(C)(C)c1ccc(C(=O)NCc2ccc(OCC(=O)O)cc2)cc1,CHEMBL4093296,730.0,False
542,Cc1cc(CNC(=O)c2ccc(C(C)(C)C)cc2)ccc1C(=O)O,CHEMBL4079796,160.0,False
543,CC(C)(C)c1ccc(C(=O)NCc2ccc(C(=O)O)c(F)c2)cc1,CHEMBL4104050,140.0,False
544,CC(C)(C)c1ccc(C(=O)NCc2ccc(C(=O)O)c(Cl)c2)cc1,CHEMBL4087682,8.8,True
545,CC(C)(C)c1ccc(C(=O)NCc2ccc(C(=O)O)cc2F)cc1,CHEMBL4060350,7.8,True
546,CC(C)(C)c1ccc(C(=O)NCc2ccc(C(=O)O)cc2Cl)cc1,CHEMBL4088582,7500.0,False
547,CC(NC(=O)c1ccc(C(C)(C)C)cc1)c1ccc(C(=O)O)cc1,CHEMBL4069036,76.0,True
548,CC(C)(C)c1ccc(C(=O)NCc2ccc(C=O)cc2)cc1,CHEMBL4091019,5300.0,False
549,CC(=O)c1ccc(CNC(=O)c2ccc(C(C)(C)C)cc2)cc1,CHEMBL4076701,100.0,False
550,CC(C)(C)c1ccc(C(=O)NCc2ccc(C(N)=O)cc2)cc1,CHEMBL4081891,3800.0,False
551,CNC(=O)c1ccc(CNC(=O)c2ccc(C(C)(C)C)cc2)cc1,CHEMBL4072936,340.0,False
552,CN(C)C(=O)c1ccc(CNC(=O)c2ccc(C(C)(C)C)cc2)cc1,CHEMBL4093640,170.0,False
553,CC(=O)Nc1ccc(CNC(=O)c2ccc(C(C)(C)C)cc2)cc1,CHEMBL4098909,2900.0,False
554,CC(C)(C)c1ccc(C(=O)NCc2ccc(NC(=O)C(F)(F)F)cc2)cc1,CHEMBL4071919,260.0,False
555,CC(C)(C)c1ccc(C(=O)NCc2ccc(-c3nnn[nH]3)cc2)cc1,CHEMBL4063293,120.0,False
556,CC(C)(C)c1ccc(C(=O)NCc2ccc(S(N)(=O)=O)cc2)cc1,CHEMBL381544,1400.0,False
557,CC(C)(C)c1ccc(C(=O)NCc2ccc(NS(C)(=O)=O)cc2)cc1,CHEMBL4061980,44.0,True
558,COc1ccc(CNC(=O)c2ccc(C(C)(C)C)cc2)cc1,CHEMBL1300445,150.0,False
559,CCOc1ccc(CNC(=O)c2ccc(C(C)(C)C)cc2)cc1,CHEMBL4100178,160.0,False
560,CC(C)Oc1ccc(CNC(=O)c2ccc(C(C)(C)C)cc2)cc1,CHEMBL4073326,170.0,False
561,CC(C)(C)c1ccc(C(=O)NCc2ccc(OC(F)(F)F)cc2)cc1,CHEMBL4092436,160.0,False
562,CSc1ccc(CNC(=O)c2ccc(C(C)(C)C)cc2)cc1,CHEMBL4064739,100.0,False
563,C[S+](O)c1ccc(CNC(=O)c2ccc(C(C)(C)C)cc2)cc1,CHEMBL4084686,1300.0,False
564,CC(C)(C)c1ccc(C(=O)NCc2ccc(S(C)(=O)=O)cc2)cc1,CHEMBL4102626,3800.0,False
565,CC(C)(C)c1ccc(C(=O)NCc2ccc(SC(F)(F)F)cc2)cc1,CHEMBL4074393,0.4,True
566,CC(C)(C)c1ccc(C(=O)NCc2ccc(S(N)(=O)=O)cc2F)cc1,CHEMBL4094881,970.0,False
567,CC(C)(C)c1ccc(C(=O)NCc2ccc(NC(=O)C(F)(F)F)cc2Cl)cc1,CHEMBL4087681,14.0,True
568,CC(C)(C)c1ccc(C(=O)NCc2ccc(NS(C)(=O)=O)cc2Cl)cc1,CHEMBL4066332,20.4,True
569,CC(C)(C)c1ccc(C(=O)NCc2ccc(N)cc2Cl)cc1,CHEMBL4095371,46.0,True
570,O=C(O)c1cc(F)c2nc(N3C4CCC3CC(OCc3c(-c5ccccc5OC(F)(F)F)noc3C3CC3)C4)sc2c1,CHEMBL4062567,0.23,True
571,O=C(O)c1ccc2nc(N3CCC(OCc4c(-c5c(Cl)cccc5Cl)noc4C4CC4)CC3)sc2c1,CHEMBL4075736,8.9,True
573,O=C(O)c1ccc2nc(N3CCC(OCc4c(-c5ccccc5C(F)(F)F)noc4C4CC4)CC3)sc2c1,CHEMBL4076625,68.0,True
574,O=C(O)c1ccc2nc(N3CCC(OCc4c(-c5ccccc5OC(F)(F)F)noc4C4CC4)CC3)sc2c1,CHEMBL4062760,19.0,True
577,O=C(O)c1ccc2nc(N3CCCC(OCc4c(-c5ccccc5OC(F)(F)F)noc4C4CC4)CC3)sc2c1,CHEMBL4062220,5.4,True
578,O=C(O)c1ccc2nc(N3C4CCC3CC(OCc3c(-c5ccccc5OC(F)(F)F)noc3C3CC3)C4)sc2c1,CHEMBL4084716,0.615,True
579,Cc1cc(C(=O)O)cc2sc(N3C4CCC3CC(OCc3c(-c5ccccc5OC(F)(F)F)noc3C3CC3)C4)nc12,CHEMBL4103787,0.655,True
580,COc1cc(C(=O)O)cc2sc(N3C4CCC3CC(OCc3c(-c5ccccc5OC(F)(F)F)noc3C3CC3)C4)nc12,CHEMBL4076774,0.495,True
581,O=C(O)c1cc(F)c2nc(N3C4CCC3CC(OCc3c(-c5ccccc5OC(F)F)noc3C3CC3)C4)sc2c1,CHEMBL4083548,0.535,True
582,O=C(O)c1cc(F)c2nc(N3C4CCC3CC(OCc3c(-c5ccccc5C(F)(F)F)noc3C3CC3)C4)sc2c1,CHEMBL4061776,0.5,True
583,Cc1ccc2nc(-c3ccc(Cl)c(Cl)c3)c(NCc3ccccc3)n2c1,CHEMBL4077285,24.0,True
584,Cc1ccc2nc(-c3cccc(Cl)c3)c(NCc3ccccc3)n2c1,CHEMBL4099199,16.0,True
585,Cc1ccc2nc(-c3ccc(Br)cc3)c(NCc3ccccc3)n2c1,CHEMBL4080439,430.0,False
586,Cc1ccc2nc(-c3ccc(F)cc3)c(NCc3ccccc3)n2c1,CHEMBL4078761,170.0,False
587,Cc1ccc2nc(-c3ccc(Cl)cc3)c(NCc3ccccc3)n2c1,CHEMBL4075737,240.0,False
588,Cc1ccc2nc(-c3ccc4c(c3)OCCO4)c(NCc3ccccc3)n2c1,CHEMBL4061996,170.0,False
589,COc1ccc(-c2nc3ccc(C)cn3c2NCc2ccccc2)cc1OC,CHEMBL4077083,910.0,False
590,COc1ccc(-c2nc3ccc(C)cn3c2NCc2ccccc2)cc1,CHEMBL4101773,1270.0,False
591,COc1cccc(-c2nc3ccc(C)cn3c2NCc2ccccc2)c1,CHEMBL4083776,250.0,False
592,Cc1ccc2nc(/C=C/c3ccccc3)c(NCc3ccccc3)n2c1,CHEMBL4089680,1160.0,False
593,Cc1ccc2nc(CCc3ccccc3)c(NCc3ccccc3)n2c1,CHEMBL4068555,310.0,False
594,Cc1ccc2nc(-c3ccc4ccccc4c3)c(NCc3ccccc3)n2c1,CHEMBL4079371,210.0,False
595,Cc1ccc2nc(-c3ccc(-c4ccccc4)cc3)c(NCc3ccccc3)n2c1,CHEMBL4105108,81.0,True
596,Cc1ccc(-c2nc3ccc(C)cn3c2NCc2ccccc2)cc1,CHEMBL4087252,130.0,False
597,Cc1cccc(-c2nc3ccc(C)cn3c2NCc2ccccc2)c1,CHEMBL4067513,180.0,False
598,Cc1ccc2nc(-c3ccccc3C)c(NCc3ccccc3)n2c1,CHEMBL4094934,260.0,False
599,Cc1ccc2nc(-c3ccccc3)c(NCc3ccccc3)n2c1,CHEMBL4066275,280.0,False
600,COc1ccc(CNc2c(-c3cccs3)nc3ccc(C)cn23)cc1,CHEMBL4059715,170.0,False
601,Cc1ccc(CNc2c(-c3cccs3)nc3ccc(C)cn23)cc1,CHEMBL4081655,220.0,False
602,Cc1ccc2nc(-c3cccs3)c(N[C@@H](C)c3ccccc3)n2c1,CHEMBL4098158,1300.0,False
603,Cc1ccc2nc(-c3cccs3)c(N[C@H](C)c3ccccc3)n2c1,CHEMBL4071104,3200.0,False
604,Cc1ccc2nc(-c3cccs3)c(Cc3ccccc3)n2c1,CHEMBL4090443,810.0,False
605,Cc1ccn2c(NCCCCc3ccccc3)c(-c3cccs3)nc2c1,CHEMBL4062465,750.0,False
606,Cc1ccc2nc(-c3cccs3)c(NCCCc3ccccc3)n2c1,CHEMBL4082610,230.0,False
607,Cc1ccc2nc(-c3cccs3)c(NCCc3ccccc3)n2c1,CHEMBL4100621,1000.0,False
608,c1ccc(CNc2c(-c3cccs3)nc3ccc(-c4ccccc4)cn23)cc1,CHEMBL4074623,200.0,False
609,COc1ccc2nc(-c3cccs3)c(NCc3ccccc3)n2c1,CHEMBL4095078,830.0,False
610,FC(F)(F)c1ccc2nc(-c3cccs3)c(NCc3ccccc3)n2c1,CHEMBL4070813,460.0,False
611,Brc1ccc2nc(-c3cccs3)c(NCc3ccccc3)n2c1,CHEMBL4091689,500.0,False
612,Clc1ccc2nc(-c3cccs3)c(NCc3ccccc3)n2c1,CHEMBL4081409,160.0,False
613,CCc1ccn2c(NCc3ccccc3)c(-c3cccs3)nc2c1,CHEMBL4062201,1200.0,False
614,Cc1ccc2nc(-c3cccs3)c(NCc3ccccc3)n2c1,CHEMBL4069481,540.0,False
615,c1ccc(CNc2c(-c3cccs3)nc3ccccn23)cc1,CHEMBL4096700,4000.0,False
616,COc1ccc(CNc2c(-c3cc(Cl)ccn3)nc3ccc(Cl)cn23)cc1,CHEMBL4077016,0.3,True
617,Cc1ccc2nc(-c3ccc(Cl)cn3)c(NCc3ccccc3)n2c1,CHEMBL4076011,7.4,True
618,Cc1ccc2nc(-c3cc(Cl)ccn3)c(NCc3ccccc3)n2c1,CHEMBL4078767,1.5,True
619,Cc1ccc2nc(-c3cccc(Cl)n3)c(NCc3ccccc3)n2c1,CHEMBL4103042,80.0,True
620,Cc1ccc2nc(-c3cnccn3)c(NCc3ccccc3)n2c1,CHEMBL4084069,1200.0,False
621,Cc1ccc2nc(-c3ccccn3)c(NCc3ccccc3)n2c1,CHEMBL4102799,20.0,True
622,Cc1ccc2nc(-c3cccnc3)c(NCc3ccccc3)n2c1,CHEMBL4079659,520.0,False
623,Cc1ccc2nc(-c3ccncc3)c(NCc3ccccc3)n2c1,CHEMBL4077398,2000.0,False
624,Cc1ccc2nc(-c3nc(C)cs3)c(NCc3ccccc3)n2c1,CHEMBL4077209,220.0,False
625,Cc1ccc2nc(-c3cccn3C)c(NCc3ccccc3)n2c1,CHEMBL4066026,1100.0,False
626,Cc1ccc2nc(-c3ccoc3)c(NCc3ccccc3)n2c1,CHEMBL4075862,1900.0,False
627,Cc1ccc2nc(-c3ccsc3)c(NCc3ccccc3)n2c1,CHEMBL4075395,830.0,False
628,Cc1ccc2nc(-c3ccco3)c(NCc3ccccc3)n2c1,CHEMBL4064512,560.0,False
629,Cc1ccc2nc(-c3ccc(F)c(Cl)c3)c(NCc3ccccc3)n2c1,CHEMBL4060783,26.0,True
631,CC[C@@H]1[C@@H]2C[C@H](O)CC[C@]2(C)[C@H]2CC[C@@]3(C)[C@@H](CC[C@@H]3[C@H](C)CCNC(=O)O[C@H]3CCOC3)[C@@H]2[C@@H]1O,CHEMBL4160849,85.0,True
634,CC[C@@H]1[C@@H]2C[C@H](O)CC[C@]2(C)[C@H]2CC[C@@]3(C)[C@@H](CC[C@@H]3[C@H](C)CCc3nn[nH]n3)[C@@H]2[C@@H]1O,CHEMBL4172477,60.0,True
635,CC[C@@H]1[C@@H]2C[C@H](O)CC[C@]2(C)[C@H]2CC[C@@]3(C)[C@@H](CC[C@@H]3[C@H](C)CCC3NC(=O)NC3=O)[C@@H]2[C@@H]1O,CHEMBL4165268,2700.0,False
636,CC[C@@H]1[C@@H]2C[C@H](O)CC[C@]2(C)[C@H]2CC[C@@]3(C)[C@@H](CC[C@@H]3[C@H](C)CCc3cc(O)no3)[C@@H]2[C@@H]1O,CHEMBL4175888,30.0,True
637,CC[C@@H]1[C@@H]2C[C@H](O)CC[C@]2(C)[C@H]2CC[C@@]3(C)[C@@H](CC[C@@H]3[C@H](C)CCC(C)=O)[C@@H]2[C@@H]1O,CHEMBL4165675,1000.0,False
638,CC[C@@H]1[C@@H]2C[C@H](O)CC[C@]2(C)[C@H]2CC[C@@]3(C)[C@@H](CC[C@@H]3[C@H](C)CCC(=O)S)[C@@H]2[C@@H]1O,CHEMBL4176961,240.0,False
639,CC[C@@H]1[C@@H]2C[C@H](O)CC[C@]2(C)[C@H]2CC[C@@]3(C)[C@@H](CC[C@@H]3[C@H](C)CCC(N)=O)[C@@H]2[C@@H]1O,CHEMBL4169097,600.0,False
640,CC[C@@H]1[C@@H]2C[C@H](O)CC[C@]2(C)[C@H]2CC[C@@]3(C)[C@@H](CC[C@@H]3[C@H](C)CCC(=O)NCCS(=O)(=O)O)[C@@H]2[C@@H]1O,CHEMBL4071018,230.0,False
641,CC[C@@H]1[C@@H]2C[C@H](O)CC[C@]2(C)[C@H]2CC[C@@]3(C)[C@@H](CC[C@@H]3[C@H](C)CCC(=O)NCC(=O)O)[C@@H]2[C@@H]1O,CHEMBL4072790,290.0,False
642,CC[C@@H]1[C@@H]2C[C@H](O)CC[C@]2(C)[C@H]2CC[C@@]3(C)[C@@H](CC[C@@H]3[C@H](C)CCCNC(=O)N3CC[C@H](O)C3)[C@@H]2[C@@H]1O,CHEMBL4162386,370.0,False
643,CC[C@@H]1[C@@H]2C[C@H](O)CC[C@]2(C)[C@H]2CC[C@@]3(C)[C@@H](CC[C@@H]3[C@H](C)CCNC(=O)N3CC[C@H](O)C3)[C@@H]2[C@@H]1O,CHEMBL4170310,80.0,True
644,CC[C@@H]1[C@@H]2C[C@H](O)CC[C@]2(C)[C@H]2CC[C@@]3(C)[C@@H](CC[C@@H]3[C@H](C)CCNC(=O)NC3CC3)[C@@H]2[C@@H]1O,CHEMBL4165830,70.0,True
645,CC[C@@H]1[C@@H]2C[C@H](O)CC[C@]2(C)[C@H]2CC[C@@]3(C)[C@@H](CC[C@@H]3[C@H](C)CCCNC(N)=O)[C@@H]2[C@@H]1O,CHEMBL4173761,130.0,False
646,CC[C@@H]1[C@@H]2C[C@H](O)CC[C@]2(C)[C@H]2CC[C@@]3(C)[C@@H](CC[C@@H]3[C@H](C)CCNC(N)=O)[C@@H]2[C@@H]1O,CHEMBL4174157,230.0,False
647,CC[C@@H]1[C@@H]2C[C@H](O)CC[C@]2(C)[C@H]2CC[C@@]3(C)[C@@H](CC[C@@H]3[C@H](C)CCCNS(=O)(=O)c3ccccc3)[C@@H]2[C@@H]1O,CHEMBL4163456,230.0,False
648,CC[C@@H]1[C@@H]2C[C@H](O)CC[C@]2(C)[C@H]2CC[C@@]3(C)[C@@H](CC[C@@H]3[C@H](C)CCCNS(C)(=O)=O)[C@@H]2[C@@H]1O,CHEMBL4159008,110.0,False
649,CC[C@@H]1[C@@H]2C[C@H](O)CC[C@]2(C)[C@H]2CC[C@@]3(C)[C@@H](CC[C@@H]3[C@H](C)CCNS(=O)(=O)c3ccccc3)[C@@H]2[C@@H]1O,CHEMBL4166913,470.0,False
650,CC[C@@H]1[C@@H]2C[C@H](O)CC[C@]2(C)[C@H]2CC[C@@]3(C)[C@@H](CC[C@@H]3[C@H](C)CCNS(=O)(=O)C3CC3)[C@@H]2[C@@H]1O,CHEMBL4171065,230.0,False
651,CC[C@@H]1[C@@H]2C[C@H](O)CC[C@]2(C)[C@H]2CC[C@@]3(C)[C@@H](CC[C@@H]3[C@H](C)CCNS(C)(=O)=O)[C@@H]2[C@@H]1O,CHEMBL4163148,280.0,False
652,CC[C@@H]1[C@@H]2C[C@H](O)CC[C@]2(C)[C@H]2CC[C@@]3(C)[C@@H](CC[C@@H]3[C@H](C)CCNC(C)=O)[C@@H]2[C@@H]1O,CHEMBL4172570,150.0,False
653,CC[C@@H]1[C@@H]2C[C@H](O)CC[C@]2(C)[C@H]2CC[C@@]3(C)[C@@H](CC[C@@H]3[C@H](C)CCNC(=O)C(=O)O)[C@@H]2[C@@H]1O,CHEMBL4164682,20.0,True
654,CC[C@@H]1[C@@H]2C[C@H](O)CC[C@]2(C)[C@H]2CC[C@@]3(C)[C@@H](CC[C@@H]3[C@H](C)CCNC(=O)c3ccccn3)[C@@H]2[C@@H]1O,CHEMBL4169184,30.0,True
655,CC[C@@H]1[C@@H]2C[C@H](O)CC[C@]2(C)[C@H]2CC[C@@]3(C)[C@@H](CC[C@@H]3[C@H](C)CCNC(=O)OCc3ccccc3)[C@@H]2[C@@H]1O,CHEMBL4171466,300.0,False
656,CC[C@@H]1[C@@H]2C[C@H](O)CC[C@]2(C)[C@H]2CC[C@@]3(C)[C@@H](CC[C@@H]3[C@H](C)CCNC(=O)OC3CCCCC3)[C@@H]2[C@@H]1O,CHEMBL4175974,300.0,False
657,CC[C@@H]1[C@@H]2C[C@H](O)CC[C@]2(C)[C@H]2CC[C@@]3(C)[C@@H](CC[C@@H]3[C@H](C)CCNC(=O)OC3CCC3)[C@@H]2[C@@H]1O,CHEMBL4168123,150.0,False
658,CC[C@@H]1[C@@H]2C[C@H](O)CC[C@]2(C)[C@H]2CC[C@@]3(C)[C@@H](CC[C@@H]3[C@H](C)CCNC(=O)OC(C)C)[C@@H]2[C@@H]1O,CHEMBL4166934,300.0,False
659,CC[C@@H]1[C@@H]2C[C@H](O)CC[C@]2(C)[C@H]2CC[C@@]3(C)[C@@H](CC[C@@H]3[C@H](C)CCNC(=O)OC)[C@@H]2[C@@H]1O,CHEMBL4159036,300.0,False
660,CC[C@@H]1[C@@H]2Cc3[nH]ncc3C[C@]2(C)[C@H]2CC[C@@]3(C)[C@@H](CC[C@@H]3[C@H](C)CCC(=O)O)[C@@H]2[C@@H]1O,CHEMBL4165022,300.0,False
661,CC[C@@H]1[C@@H]2CC3(CC3)CC[C@]2(C)[C@H]2CC[C@@]3(C)[C@@H](CC[C@@H]3[C@H](C)CCC(=O)O)[C@@H]2[C@@H]1O,CHEMBL4175639,700.0,False
662,CC[C@@H]1[C@@H]2CC(F)(F)CC[C@]2(C)[C@H]2CC[C@@]3(C)[C@@H](CC[C@@H]3[C@H](C)CCC(=O)O)[C@@H]2[C@@H]1O,CHEMBL4168436,1100.0,False
663,CC[C@@H]1[C@@H]2CCCC[C@]2(C)[C@H]2CC[C@@]3(C)[C@@H](CC[C@@H]3[C@H](C)CCC(=O)O)[C@@H]2[C@@H]1O,CHEMBL4160539,400.0,False
664,CC[C@@H]1[C@@H]2CC(C)CC[C@]2(C)[C@H]2CC[C@@]3(C)[C@@H](CC[C@@H]3[C@H](C)CCC(=O)O)[C@@H]2[C@@H]1O,CHEMBL4171793,1500.0,False
665,CC[C@@H]1[C@@H]2C[C@H](OC)CC[C@]2(C)[C@H]2CC[C@@]3(C)[C@@H](CC[C@@H]3[C@H](C)CCC(=O)O)[C@@H]2[C@@H]1O,CHEMBL4163928,1800.0,False
666,CC[C@@H]1[C@@H]2C[C@H](O)CC[C@]2(C)[C@H]2CC[C@@]3(C)[C@@H](CC[C@@H]3[C@H](C)CCC(=O)NS(C)(=O)=O)[C@@H]2[C@@H]1O,CHEMBL4173597,50.0,True
667,C[C@H](CCn1oc(=O)[nH]c1=O)[C@H]1CC[C@H]2[C@H]3[C@H](CC[C@@]21C)[C@@]1(C)CC[C@@H](O)C[C@H]1C[C@H]3O,CHEMBL4167134,1220.0,False
668,C[C@H](CCC(=O)O)[C@H]1CC[C@H]2[C@@H]3CC[C@@H]4C[C@H](O[C@@H]5O[C@H](CO)[C@@H](O)[C@H](O)[C@H]5O)CC[C@]4(C)[C@H]3C[C@H](O)[C@@]21C,CHEMBL4160181,76000.0,False
670,C[C@H](CCC(=O)O)[C@H]1CC[C@H]2[C@H]3[C@H](C[C@H](O)[C@@]21C)[C@@]1(C)CC[C@@H](O[C@@H]2O[C@H](CO)[C@@H](O)[C@H](O)[C@H]2O)C[C@H]1C[C@H]3O,CHEMBL4170402,91500.0,False
671,C[C@H](CCC(=O)O)[C@H]1CC[C@H]2[C@H]3[C@H](C[C@H](O)[C@@]21C)[C@@]1(C)CC[C@@H](O)C[C@H]1C[C@H]3O,CHEMBL205596,45000.0,False
674,O=C(O)c1cnc(N2CC(O)(c3ccc(OCc4c(-c5c(Cl)cncc5Cl)noc4C4CC4)cc3Cl)C2)c(F)c1,CHEMBL4292861,4.9,True
675,O=C(O)c1ccc(N2CC(O)(c3ccc(OCc4c(-c5c(Cl)cccc5Cl)noc4C4CC4)cc3Cl)C2)nc1,CHEMBL4280310,4.85,True
676,O=C(O)c1cnc(N2CC(O)(c3ccc(OCc4c(-c5c(Cl)cccc5Cl)noc4C4CC4)cc3Cl)C2)c(F)c1,CHEMBL4286228,4.65,True
677,O=C(O)c1ccccc1-c1ccccc1C(=O)N1CCN(Cc2ccc3c(c2)OCO3)CC1,CHEMBL4279753,5990.0,False
678,CN(Cc1ccc(N2CCCCC2)cc1)C(=O)c1n[nH]c(=O)c2ccccc12,CHEMBL4289098,14400.0,False
679,COc1cc([N+](=O)[O-])ccc1NC(=O)CNc1ccccc1N1CCCC1=O,CHEMBL4281889,4330.0,False
681,O=C(Nc1cccc2c(=O)cc(-c3nn[nH]n3)oc12)c1ccc(OCCCCc2ccccc2)cc1,CHEMBL21333,15000.0,False
684,CC(=O)NCCN(Cc1ccccc1)C(=O)c1c2c(nn1C)-c1cc(Br)ccc1OC2,CHEMBL4590255,6000.0,False
686,Cn1nc(C(=O)N(CC(=O)Nc2cc(C(=O)O)ccc2F)Cc2cccc(F)c2)c2c1-c1cc(F)ccc1OC2,CHEMBL4589802,6.5,True
688,CC(=O)NCCN(Cc1ccc(F)cc1)C(=O)c1nn(C)c2c1COc1ccc(Br)cc1-2,CHEMBL4514834,525.0,False
690,CC(=O)NCCN(Cc1ccccc1F)C(=O)c1nn(C)c2c1COc1ccc(Br)cc1-2,CHEMBL4571319,34.5,True
695,CCC(C)c1ccc2c(c1)-c1c(c(C(=O)N(CCNC(C)=O)Cc3ccccc3)nn1C)CO2,CHEMBL4553359,25.0,True
696,CC(=O)NCCN(Cc1ccccc1)C(=O)c1nn(C)c2c1COc1ccc(I)cc1-2,CHEMBL4452699,18.5,True
697,CC(=O)NCCN(Cc1ccccc1)C(=O)c1nn(C)c2c1COc1ccc(Br)cc1-2,CHEMBL4472502,44.0,True
700,O=C(O)c1cc(F)c2nc(N3[C@H]4CC[C@@H]3C[C@H](OCc3c(-c5ccccc5OC(F)(F)F)noc3C3CC3)C4)sc2c1,CHEMBL4298169,0.6,True
701,CC(=O)NCCN(Cc1ccccc1)C(=O)c1n[nH]c2c1COc1ccc(Br)cc1-2,CHEMBL4527188,11000.0,False
702,CC(=O)NCCN(Cc1ccccc1)C(=O)c1nn(C)c2c1C(C)(C)Oc1ccc(Br)cc1-2,CHEMBL4483715,4300.0,False
703,COC(C[C@@H](C)C1=C2C[C@H](O)[C@H]3[C@@]4(C)CCC(=O)C(C)(C)[C@@H]4CC[C@]3(C)[C@@]2(C)CC1)OC,CHEMBL4466386,5600.0,False
704,CC(=O)O[C@H]([C@@H]1C[C@@H](C)C2=C3CC[C@@H]4[C@](C)(CC[C@H]5C(C)(C)C(=O)CC[C@]45C)[C@@]3(C)C[C@@H]2O1)C(C)(C)O,CHEMBL4560147,46960.0,False
705,CC(=O)O[C@H]([C@@H]1C[C@@H](C)C2=C3[C@H](O)C[C@@H]4[C@](C)(CC[C@H]5C(C)(C)C(=O)CC[C@]45C)[C@@]3(C)C[C@@H]2O1)C(C)(C)O,CHEMBL4436181,30080.0,False
706,CO[C@H]1C[C@@]2(C)C(=C1[C@H](C)C[C@H](O)[C@@H](OC(C)=O)C(C)(C)O)[C@H](O)C[C@@H]1[C@]2(C)CC[C@H]2C(C)(C)C(=O)CC[C@]12C,CHEMBL4475517,16430.0,False
707,COC(=O)C[C@@H](C)C1=C2[C@H](O)C[C@@H]3[C@](C)(CC[C@H]4C(C)(C)C(=O)CC[C@]34C)[C@@]2(C)C[C@@H]1OC,CHEMBL4441750,20250.0,False
708,C=C(C)[C@@H](O)[C@@H]1C[C@@H](C)[C@@]2(CC[C@@]3(C)C2=C[C@H](OC)[C@H]2[C@@]4(C)CCC(=O)C(C)(C)[C@@H]4CC[C@@]23C)O1,CHEMBL4448855,17600.0,False
709,CC(C)[C@H]1O[C@H]2C3=C([C@H](C)C[C@H](O)[C@@H](O)C(C)(C)O)CC[C@]3(C)[C@@]3(C)CC[C@H]4C(C)(C)C(=O)CC[C@]4(C)[C@@H]3[C@H]2O1,CHEMBL4473940,10970.0,False
710,COC(OC)C(C)(C)[C@@H](O)C[C@@H](C)C1=C2C[C@H](O)[C@H]3[C@@]4(C)CCC(=O)C(C)(C)[C@@H]4CC[C@]3(C)[C@@]2(C)CC1,CHEMBL4474400,12070.0,False
711,CCOC(C)(C)[C@H](O)[C@@H](O)C[C@@H](C)C1=C2C=C[C@H]3[C@@]4(C)CCC(=O)C(C)(C)[C@@H]4CC[C@]3(C)[C@@]2(C)CC1=O,CHEMBL4435947,14700.0,False
712,CO[C@H]1CC2=C3[C@H](C[C@]2(C)[C@@]2(C)CC[C@H]4C(C)(C)C(=O)CC[C@]4(C)[C@H]12)O[C@H]([C@@H](O)C(C)(C)O)C[C@H]3C,CHEMBL4483791,14380.0,False
713,COC(C)(C)[C@H](OC(C)=O)[C@@H]1C[C@@H](C)C2=C3C[C@H](O)[C@H]4[C@@]5(C)CCC(=O)C(C)(C)[C@@H]5CC[C@]4(C)[C@@]3(C)C[C@@H]2O1,CHEMBL4456858,16680.0,False
714,C[C@@H]1C[C@@H]([C@@H](O)C(C)(C)O)O[C@H]2C[C@@]3(C)C(=C21)CC[C@@H]1[C@]3(C)CC[C@H]2C(C)(C)C(=O)CC[C@]12C,CHEMBL4578763,13260.0,False
715,C[C@H](C[C@@H]1OC(C)(C)O[C@H]1C(C)(C)O)C1=C2C=C[C@H]3[C@@]4(C)CCC(=O)C(C)(C)[C@@H]4CC[C@]3(C)[C@@]2(C)CC1=O,CHEMBL4458677,2520.0,False
716,C[C@@H]1C[C@@H]([C@@H](O)C(C)(C)O)O[C@H]2C[C@@]3(C)C(=C21)[C@H](O)C[C@@H]1[C@]3(C)CC[C@H]2C(C)(C)C(=O)CC[C@]12C,CHEMBL4448642,20320.0,False
717,CC(C)C(=O)[C@@H](O)C[C@@H](C)C1=C2C[C@H](O)[C@H]3[C@@]4(C)CCC(=O)C(C)(C)[C@@H]4CC[C@]3(C)[C@@]2(C)CC1,CHEMBL4471852,90.0,True
718,C=C(C)[C@H](O)[C@@H]1C[C@@H](C)C2=C3C[C@H](O)[C@H]4[C@@]5(C)CCC(=O)C(C)(C)[C@@H]5CC[C@]4(C)[C@@]3(C)C[C@@H]2O1,CHEMBL3632958,13300.0,False
719,C[C@H](C[C@H](O)[C@@H](O)C(C)(C)O)C1=C2CC[C@@H]3[C@](C)(CC[C@H]4C(C)(C)C(=O)CC[C@]34C)[C@@]2(C)CC1,CHEMBL3632954,3360.0,False
720,COC(C)(C)[C@H](O)[C@@H](O)C[C@@H](C)C1=C2C[C@H](O)[C@H]3[C@@]4(C)CCC(=O)C(C)(C)[C@@H]4CC[C@]3(C)[C@@]2(C)CC1,CHEMBL4519986,8900.0,False
721,C[C@H](C[C@H](O)[C@@H](O)C(C)(C)O)C1=C2C[C@H](O)[C@H]3[C@@]4(C)CCC(=O)C(C)(C)[C@@H]4CC[C@]3(C)[C@@]2(C)CC1=O,CHEMBL4518138,29680.0,False
722,C[C@H](C[C@H](O)[C@@H](O)C(C)(C)O)C1=C2C=C[C@H]3[C@@]4(C)CCC(=O)C(C)(C)[C@@H]4CC[C@]3(C)[C@@]2(C)CC1=O,CHEMBL4455067,6000.0,False
723,C[C@@H]1C[C@@H]([C@@H](O)C(C)(C)O)O[C@H]2C[C@@]3(C)C(=C21)C[C@H](O)[C@H]1[C@@]2(C)CCC(=O)C(C)(C)[C@@H]2CC[C@@]13C,CHEMBL3121589,15100.0,False
724,C[C@H](C[C@H](O)[C@@H](O)C(C)(C)O)C1=C2C[C@H](O)[C@H]3[C@@]4(C)CCC(=O)C(C)(C)[C@@H]4CC[C@]3(C)[C@@]2(C)CC1,CHEMBL467814,10160.0,False
725,C=C(C)[C@H](O)[C@@H](O)C[C@@H](C)C1=C2C[C@H](O)[C@H]3[C@@]4(C)CCC(=O)C(C)(C)[C@@H]4CC[C@]3(C)[C@@]2(C)CC1,CHEMBL3121588,24090.0,False
726,C[C@H](C[C@H](O)[C@H]1OC1(C)C)C1=C2C[C@H](O)[C@H]3[C@@]4(C)CCC(=O)C(C)(C)[C@@H]4CC[C@]3(C)[C@@]2(C)CC1,CHEMBL2059712,8800.0,False
727,CC(=O)O[C@@H](C[C@@H](C)C1=C2C[C@H](O)[C@H]3[C@@]4(C)CCC(=O)C(C)(C)[C@@H]4CC[C@]3(C)[C@@]2(C)CC1)[C@H]1OC1(C)C,CHEMBL4535717,3570.0,False
728,C=C(C)[C@@H](O)[C@@H](O)C[C@@H](C)C1=C2CC[C@@H]3[C@](C)(CC[C@H]4C(C)(C)C(=O)CC[C@]34C)[C@@]2(C)CC1,CHEMBL3632627,3030.0,False
729,C[C@@H]1CC(=O)[C@@H](C(C)(C)O)O[C@H]2C[C@@]3(C)C(=C21)C=C[C@H]1[C@@]2(C)CCC(=O)C(C)(C)[C@@H]2CC[C@@]13C,CHEMBL3632949,10400.0,False
730,C[C@H](CC[C@H](O)C(C)(C)O)[C@H]1CC[C@@]2(C)C1=CC=C1[C@@]3(C)CCC(=O)C(C)(C)[C@@H]3CC[C@@]12C,CHEMBL3632948,140.0,False
731,CCOC(C)(C)[C@H](O)[C@@H](O)C[C@@H](C)C1=C2C[C@H](O)[C@H]3[C@@]4(C)CCC(=O)C(C)(C)[C@@H]4CC[C@]3(C)[C@@]2(C)CC1,CHEMBL3632946,940.0,False
732,C=C(C)[C@@H](O)[C@@H](O)C[C@@H](C)C1=C2C=C[C@H]3[C@@]4(C)CCC(=O)C(C)(C)[C@@H]4CC[C@]3(C)[C@@]2(C)CC1=O,CHEMBL3632942,2400.0,False
733,CC(=O)C1=C2C=C[C@H]3[C@@]4(C)CCC(=O)C(C)(C)[C@@H]4CC[C@]3(C)[C@@]2(C)CC1=O,CHEMBL3632951,20240.0,False
734,CC(=O)O[C@H]1C[C@@]2(C)C(=C1[C@H](C)C[C@H](O)[C@H]1OC1(C)C)C[C@H](O)[C@H]1[C@@]3(C)CCC(=O)C(C)(C)[C@@H]3CC[C@@]12C,CHEMBL4555840,38160.0,False
735,CC(=O)O[C@@H]1C[C@@]2(C)C(=C1[C@H](C)C[C@H](O)[C@H]1OC1(C)C)C[C@H](O)[C@H]1[C@@]3(C)CCC(=O)C(C)(C)[C@@H]3CC[C@@]12C,CHEMBL4448581,2580.0,False
736,CC(=O)O[C@@H]([C@@H](O)C[C@@H](C)C1=C2C[C@H](O)[C@H]3[C@@]4(C)CCC(=O)C(C)(C)[C@@H]4CC[C@]3(C)[C@@]2(C)CC1)C(C)(C)O,CHEMBL3632952,15310.0,False
737,C[C@H](C[C@H](O)[C@@H](O)C(C)(C)O)[C@@]1(O)CC[C@@]2(C)C1=CC(=O)[C@H]1[C@@]3(C)CCC(=O)C(C)(C)[C@@H]3CC[C@@]12C,CHEMBL4454184,50250.0,False
738,CC(C)(O)[C@@H]1O[C@](C)(C2=C3C[C@H](O)[C@H]4[C@@]5(C)CCC(=O)C(C)(C)[C@@H]5CC[C@]4(C)[C@@]3(C)CC2=O)C[C@@H]1O,CHEMBL4515076,11860.0,False
739,CC1(C)O[C@@H]1[C@@H](O)C[C@](C)(O)C1=C2C[C@H](O)[C@H]3[C@@]4(C)CCC(=O)C(C)(C)[C@@H]4CC[C@]3(C)[C@@]2(C)CC1=O,CHEMBL3632945,40740.0,False
740,CC1=CC(=O)C[C@]2(C)[C@@H]3[C@@H](O)CC4=C([C@H](C)C[C@H](O)[C@@H](O)C(C)(C)O)CC[C@]4(C)[C@@]3(C)CC[C@@H]12,CHEMBL3632950,5640.0,False
741,C[C@H](C[C@H](O)[C@@H](O)C(C)(C)O)C1=C2C[C@H](O)[C@H]3[C@@]4(C)CCC(=O)C(C)(C)[C@@H]4CC[C@]3(C)[C@@]2(C)C=C1,CHEMBL3632947,64890.0,False
742,C=C(C)[C@@H](O)[C@@H]1C[C@@H](C)[C@@]2(CC[C@@]3(C)C2=C[C@H](O)[C@H]2[C@@]4(C)CCC(=O)C(C)(C)[C@@H]4CC[C@@]23C)O1,CHEMBL4463254,15470.0,False
743,CC(=O)O[C@@H](C[C@@H](C)C1=C2C=C[C@H]3[C@@]4(C)CCC(=O)C(C)(C)[C@@H]4CC[C@]3(C)[C@@]2(C)CC1=O)[C@H](O)C(C)(C)O,CHEMBL3632943,12140.0,False
744,C[C@H](CC(=O)[C@H](O)C(C)(C)O)C1=C2C=C[C@H]3[C@@]4(C)CCC(=O)C(C)(C)[C@@H]4CC[C@]3(C)[C@@]2(C)CC1=O,CHEMBL3632941,15470.0,False
745,CC(=O)O[C@H]1C[C@@H](C)C2=C3C[C@H](O)[C@H]4[C@@]5(C)CCC(=O)C(C)(C)[C@@H]5CC[C@]4(C)[C@@]3(C)C[C@@H]2O[C@H]1C(C)(C)O,CHEMBL4448140,20150.0,False
746,CC(=O)O[C@H]([C@@H]1C[C@@H](C)C2=C3C[C@H](O)[C@H]4[C@@]5(C)CCC(=O)C(C)(C)[C@@H]5CC[C@]4(C)[C@@]3(C)C[C@@H]2O1)C(C)(C)O,CHEMBL3121590,25290.0,False
747,C[C@H](CC[C@@H](O)C(C)(C)O)[C@H]1CC[C@@]2(C)C1=CC=C1[C@@]3(C)CCC(=O)C(C)(C)[C@@H]3CC[C@@]12C,CHEMBL4569111,12430.0,False
748,C[C@@H]1CC(=O)O[C@@]12CC[C@@]1(C)C2=CC(=O)[C@H]2[C@@]3(C)CCC(=O)C(C)(C)[C@@H]3CC[C@@]21C,CHEMBL4571467,7320.0,False
749,C[C@@H]1CC(=O)O[C@]12CC[C@@]1(C)C2=CC(=O)[C@H]2[C@@]3(C)CCC(=O)C(C)(C)[C@@H]3CC[C@@]21C,CHEMBL4588543,520.0,False
750,C[C@H](C[C@H](O)[C@H]1OC1(C)C)C1=C2CC[C@@H]3[C@](C)(CC[C@H]4C(C)(C)C(=O)CC[C@]34C)[C@@]2(C)CC1,CHEMBL4577420,110.0,False
751,C[C@@H]1C[C@@H]([C@H]2OC2(C)C)O[C@H]2C[C@@]3(C)C(=C21)C[C@H](O)[C@H]1[C@@]2(C)CCC(=O)C(C)(C)[C@@H]2CC[C@@]13C,CHEMBL4567829,3260.0,False
752,C[C@@H]1C[C@@H]([C@@H](O)C(C)(C)O)O[C@H]2C[C@@]3(C)C(=C21)C=C[C@H]1[C@@]2(C)CCC(=O)C(C)(C)[C@@H]2CC[C@@]13C,CHEMBL3632956,5660.0,False
753,CC(=O)O[C@@H](C[C@@H](C)C1=C2C[C@H](O)[C@H]3[C@@]4(C)CCC(=O)C(C)(C)[C@@H]4CC[C@]3(C)[C@@]2(C)CC1=O)[C@H]1OC1(C)C,CHEMBL4441811,2100.0,False
754,CCCCOC(C)(C)[C@H](O)[C@@H](O)C[C@@H](C)C1=C2C[C@H](O)[C@H]3[C@@]4(C)CCC(=O)C(C)(C)[C@@H]4CC[C@]3(C)[C@@]2(C)CC1,CHEMBL4459258,430.0,False
755,CCO[C@H]1C[C@@]2(C)C(=C1[C@H](C)C[C@H](OC(C)=O)[C@H]1OC1(C)C)C[C@H](O)[C@H]1[C@@]3(C)CCC(=O)C(C)(C)[C@@H]3CC[C@@]12C,CHEMBL4557359,1260.0,False
756,C[C@H](C[C@H](O)[C@@H](O)C(C)(C)O)C1=C2C[C@H](O)[C@H]3[C@@]4(C)CCC(=O)C(C)(C)[C@@H]4C[C@@H](O)[C@]3(C)[C@@]2(C)CC1,CHEMBL4540228,17500.0,False
757,C[C@H](C[C@H](O)C(=O)C(C)(C)O)C1=C2C[C@H](O)[C@H]3[C@@]4(C)CCC(=O)C(C)(C)[C@@H]4C[C@@H](O)[C@]3(C)[C@@]2(C)CC1,CHEMBL4442830,2230.0,False
758,C[C@@H]1C[C@@H]2O[C@@]3(C[C@@]4(C)C(=C13)C=C[C@H]1[C@@]3(C)CCC(=O)C(C)(C)[C@@H]3CC[C@@]14C)O[C@H]2C(C)(C)O,CHEMBL4437194,3340.0,False
759,CC(=O)/C=C/C[C@@H](C)C1=C2C[C@H](O)[C@H]3[C@@]4(C)CCC(=O)C(C)(C)[C@@H]4CC[C@]3(C)[C@@]2(C)CC1,CHEMBL4536937,290.0,False
760,C[C@H](C[C@H](O)[C@@H](O)C(C)(C)O)C1=C2[C@@H](O)[C@H](O)[C@H]3[C@@]4(C)CCC(=O)C(C)(C)[C@@H]4C[C@@H](O)[C@]3(C)[C@@]2(C)CC1,CHEMBL4447216,55490.0,False
761,CC(=O)O[C@H]1C[C@@H](C)[C@@]2(CC[C@@]3(C)C(=O)C=C[C@H]4[C@@]5(C)CCC(=O)C(C)(C)[C@@H]5CC[C@@]43C)O[C@@H]1C(C)(C)O2,CHEMBL4467008,24480.0,False
762,CC(=O)O[C@H]([C@@H]1C[C@@H](C)C2=C3C=C[C@H]4[C@@]5(C)CCC(=O)C(C)(C)[C@@H]5CC[C@]4(C)[C@@]3(C)C[C@@H]2O1)C(C)(C)O,CHEMBL3632957,4740.0,False
763,CC(=O)O[C@H]([C@@H](O)C[C@@H](C)C1=C2C[C@H](O)[C@H]3[C@@]4(C)CCC(=O)C(C)(C)[C@@H]4CC[C@]3(C)[C@@]2(C)CC1)C(C)(C)O,CHEMBL3121587,34190.0,False
764,C[C@H](C[C@@H]1OC(C)(C)O[C@H]1C(C)(C)O)C1=C2C[C@H](O)[C@H]3[C@@]4(C)CCC(=O)C(C)(C)[C@@H]4C[C@@H](O)[C@]3(C)[C@@]2(C)CC1,CHEMBL4447851,2300.0,False
765,C[C@H](C[C@H](O)[C@@H](O)[C@@]1(C)CO1)C1=C2C[C@H](O)[C@H]3[C@@]4(C)CCC(=O)C(C)(C)[C@@H]4CC[C@]3(C)[C@@]2(C)CC1,CHEMBL4566536,120.0,False
766,C=C(C)[C@@H]1OC(C)(C)O[C@H]1C[C@@H](C)C1=C2C[C@H](O)[C@H]3[C@@]4(C)CCC(=O)C(C)(C)[C@@H]4CC[C@]3(C)[C@@]2(C)CC1,CHEMBL4449675,8800.0,False
767,C[C@H](C[C@H](O)C(=O)C(C)(C)O)C1=C2[C@@H](O)[C@H](O)[C@H]3[C@@]4(C)CCC(=O)C(C)(C)[C@@H]4C[C@@H](O)[C@]3(C)[C@@]2(C)CC1,CHEMBL4437372,10190.0,False
768,CC(=O)O[C@H]([C@@H](O)C[C@@H](C)C1=C2CC[C@@H]3[C@](C)(CC[C@H]4C(C)(C)C(=O)CC[C@]34C)[C@@]2(C)CC1)C(C)(C)O,CHEMBL4450162,9620.0,False
769,CC(C)[C@@H](O)C[C@@H](C)C1=C2C[C@H](O)[C@H]3[C@@]4(C)CCC(=O)C(C)(C)[C@@H]4CC[C@]3(C)[C@@]2(C)CC1,CHEMBL4441683,6660.0,False
770,C[C@H](C/C=C(/C=O)c1ccccc1)C1=C2C[C@H](O)[C@H]3[C@@]4(C)CCC(=O)C(C)(C)[C@@H]4CC[C@]3(C)[C@@]2(C)CC1,CHEMBL4466082,4690.0,False
771,CC(C)c1onc(-c2c(Cl)cccc2Cl)c1COc1cccc(C#N)c1,CHEMBL4471591,10170.0,False
772,COC(=O)c1cccc(OCc2c(-c3c(Cl)cccc3Cl)noc2C(C)C)c1,CHEMBL4591348,2060.0,False
773,CC(C)c1onc(-c2c(Cl)cccc2Cl)c1COc1ccc(S(C)(=O)=O)cc1,CHEMBL4456883,1090.0,False
774,CC(C)c1onc(-c2c(Cl)cccc2Cl)c1COc1ccc(C(=O)O)cc1,CHEMBL4592387,6670.0,False
775,CC(C)c1onc(-c2c(Cl)cccc2Cl)c1COc1ccc(CO)cc1,CHEMBL4436469,2930.0,False
776,CC(C)c1onc(-c2c(Cl)cccc2Cl)c1COc1ccc(C#N)cc1,CHEMBL4448603,810.0,False
777,COC(=O)c1ccc(OCc2c(-c3c(Cl)cccc3Cl)noc2C(C)C)cc1,CHEMBL4535914,3590.0,False
778,CC(C)c1onc(-c2c(Cl)cccc2Cl)c1COc1ccccc1,CHEMBL4451432,1590.0,False
779,CC(C)c1onc(-c2c(Cl)cccc2Cl)c1COc1cccc(CO)c1,CHEMBL4450943,4370.0,False
780,CC(C)c1onc(-c2c(Cl)cccc2Cl)c1COc1ccc(COc2ccc(CO)cc2)cc1,CHEMBL4553281,740.0,False
781,COC(=O)c1ccc(OCc2ccc(OCc3c(-c4c(Cl)cccc4Cl)noc3C(C)C)cc2)cc1,CHEMBL4455911,730.0,False
782,CC(C)c1onc(-c2c(Cl)cccc2Cl)c1COc1cccc(C(=O)O)c1,CHEMBL4465344,19740.0,False
783,COC(=O)c1cccc(-c2ccc(OCc3c(-c4c(Cl)cccc4Cl)noc3C(C)C)cc2)c1,CHEMBL4562865,2800.0,False
784,CC(C)c1onc(-c2c(Cl)cccc2Cl)c1COc1ccc(-c2cccc(CO)c2)cc1,CHEMBL4585144,830.0,False
785,CC(C)c1onc(-c2c(Cl)cccc2Cl)c1COc1ccc(-c2cccc(C(=O)O)c2)cc1,CHEMBL4445722,1400.0,False
786,CC(C)c1onc(-c2c(Cl)cccc2Cl)c1COc1ccc(COc2cccc(CO)c2)cc1,CHEMBL4455475,670.0,False
787,CC(C)c1onc(-c2c(Cl)cccc2Cl)c1COc1ccc(COc2cccc(C#N)c2)cc1,CHEMBL4578551,5400.0,False
788,COC(=O)c1cccc(OCc2ccc(OCc3c(-c4c(Cl)cccc4Cl)noc3C(C)C)cc2)c1,CHEMBL4532035,1150.0,False
789,CC(C)c1onc(-c2c(Cl)cccc2Cl)c1COc1ccc(COc2ccc(C(=O)O)cc2)cc1,CHEMBL4591419,300.0,False
790,CC(C)c1onc(-c2c(Cl)cccc2Cl)c1COc1ccc(COc2ccc(C#N)cc2)cc1,CHEMBL4461163,940.0,False
791,CC(C)c1onc(-c2c(Cl)cccc2Cl)c1COc1ccc(COc2cccc(C(=O)O)c2)cc1,CHEMBL4588863,460.0,False
792,CCn1c(-c2ccc(OCc3c(-c4c(Cl)cccc4Cl)noc3C(C)C)cc2)nc2ccc(C(=O)O)cc21,CHEMBL4639724,10.805,True
799,CC(C)Cn1c(-c2ccc(OCc3c(-c4c(Cl)cccc4Cl)noc3C(C)C)cc2)nc2ccc(C(=O)O)cc21,CHEMBL4648303,14.98,True
800,CC(C)c1onc(-c2c(Cl)cccc2Cl)c1COc1ccc(-c2nc3ccc(C(=O)O)cc3n2CC(C)(C)C)cc1,CHEMBL4632780,18.9,True
801,CC(C)c1onc(-c2c(Cl)cccc2Cl)c1COc1ccc(-c2nc3ccc(C(=O)O)cc3n2CC2CC2)cc1,CHEMBL4642737,24.25,True
802,CC(C)c1onc(-c2c(Cl)cccc2Cl)c1COc1ccc(-c2nc3ccc(C(=O)O)cc3n2CC2CCCCC2)cc1,CHEMBL4638213,10.209999999999999,True
803,CC(C)c1onc(-c2c(Cl)cccc2Cl)c1COc1ccc(-c2nc3ccc(C(=O)O)cc3n2-c2ccc(F)cc2)cc1,CHEMBL4647755,23.650000000000002,True
808,CC(C)c1onc(-c2c(Cl)cccc2Cl)c1COc1ccc(-c2nc3ccc(C(=O)O)cc3n2C2CCC2)cc1,CHEMBL4637696,14.4,True
809,CC(C)c1onc(-c2c(Cl)cccc2Cl)c1COc1ccc(-c2nc3ccc(C(=O)O)cc3n2C2CCCC2)cc1,CHEMBL4640340,13.6,True
810,CC(C)c1onc(-c2c(Cl)cccc2Cl)c1COc1ccc(-c2nc3ccc(C(=O)O)cc3n2C2CCCCC2)cc1,CHEMBL4641017,4.21,True
811,CC(=O)N1CCC(n2c(-c3ccc(OCc4c(-c5c(Cl)cccc5Cl)noc4C(C)C)cc3)nc3ccc(C(=O)O)cc32)CC1,CHEMBL4638244,1432.0,False
812,CC(=O)C1CCC(Cn2c(-c3ccc(OCc4c(-c5c(Cl)cccc5Cl)noc4C(C)C)cc3)nc3ccc(C(=O)O)cc32)CC1,CHEMBL4642851,1166.1,False
813,CC(C)c1onc(-c2c(Cl)cccc2Cl)c1COc1ccc(-c2nc3ccc(C(=O)O)cc3n2CC2CCCCC2)c(F)c1,CHEMBL4642703,7.8,True
814,CC(C)c1onc(-c2c(Cl)cccc2Cl)c1COc1ccc(-c2nc3ccc(C(=O)O)cc3n2C)c(Cl)c1,CHEMBL4643503,3.66,True
815,CC(C)c1onc(-c2c(Cl)cccc2Cl)c1COc1ccc(-c2nc3ccc(C(=O)O)cc3n2C)cc1Cl,CHEMBL4642141,19.0,True
816,CC(C)c1onc(-c2c(Cl)cccc2Cl)c1COc1ccc(-c2nc3cc(C(=O)O)ccc3n2C)cc1,CHEMBL4632854,25.8,True
817,CC(C)c1onc(-c2c(Cl)cccc2Cl)c1COc1ccc(-c2nc3ccc(C(=O)O)cc3n2C)cc1,CHEMBL4643030,32.0,True
818,CC(C)c1onc(-c2ccccc2)c1COc1ccc(CCCC(=O)O)cc1,CHEMBL4634512,31000.0,False
819,CC(C)c1onc(-c2ccccc2)c1COc1ccc(Oc2ccc(C(=O)O)cc2)cc1,CHEMBL4645745,11000.0,False
820,CC(C)c1onc(-c2ccccc2)c1COc1ccc(COc2ccc(C(=O)O)cc2)cc1,CHEMBL4638290,2300.0,False
821,CC(C)c1onc(-c2ccccc2)c1COc1ccc(COc2ccc(CC(=O)O)cc2)cc1,CHEMBL4646924,11000.0,False
822,CC(C)c1onc(-c2ccccc2Cl)c1COc1ccc(CCCC(=O)O)cc1,CHEMBL4639167,3800.0,False
823,CC(C)c1onc(-c2ccccc2C(F)(F)F)c1COc1ccc(CCCC(=O)O)cc1,CHEMBL4647388,4400.0,False
824,CC(C)c1onc(-c2c(Cl)cccc2Cl)c1COc1ccc(CCCC(=O)O)cc1,CHEMBL4639931,6000.0,False
825,Cc1cccc(C)c1-c1noc(C(C)C)c1COc1ccc(CCCC(=O)O)cc1,CHEMBL4632356,7700.0,False
826,CC(C)c1onc(-c2ccccc2Cl)c1COc1ccc(COc2ccc(CC(=O)O)cc2)cc1,CHEMBL4645537,2500.0,False
827,CC(C)c1onc(-c2ccccc2Cl)c1COc1ccc(COc2ccc(OCC(=O)O)cc2)cc1,CHEMBL4637538,4700.0,False
828,CC(C)c1onc(-c2c(Cl)cccc2Cl)c1COc1ccc(COc2ccc(CC(=O)O)cc2)cc1,CHEMBL4636295,2000.0,False
829,CC(C)c1onc(-c2c(Cl)cccc2Cl)c1COc1ccc(CNc2ccc(CC(=O)O)cc2)cc1,CHEMBL4634135,1600.0,False
830,Cc1cc(NCc2ccc(OCc3c(-c4c(Cl)cccc4Cl)noc3C(C)C)cc2)ccc1CC(=O)O,CHEMBL4634690,1200.0,False
831,CC(C)c1onc(-c2c(Cl)cccc2Cl)c1COc1ccc(COc2ccc(CC(=O)O)cc2)c(Cl)c1,CHEMBL4632533,800.0,False
832,CC(C)c1onc(-c2c(Cl)cccc2Cl)c1COc1ccc(CNc2ccc(CC(=O)O)cc2)c(Cl)c1,CHEMBL4633499,940.0,False
