,smiles,chembl_id,exp_mean [nM]
0,CC(=O)C(C)N(CC(F)(F)F)c1ccc2[nH]c(=O)cc(C(F)(F)F)c2c1,CHEMBL3706931,3.1
1,O=c1cc(C(F)F)c2cc(N(CC(F)(F)F)CC(F)(F)F)ccc2[nH]1,CHEMBL238330,0.4
2,O=c1cc(C(F)(F)F)c2cc(N(CC(F)(F)F)CC(F)(F)C(F)(F)F)ccc2[nH]1,CHEMBL237681,30.999999999999996
3,CC(C)CNc1ccc2[nH]c(=O)cc(C(F)(F)F)c2c1,CHEMBL3706910,59.00000000000001
4,Cc1cc(=O)[nH]c2ccc(N(CC(F)(F)F)CC(F)(F)F)cc12,CHEMBL238122,1.4
5,CN(C)c1ccc2c(C(F)(F)F)cc(=O)[nH]c2c1,CHEMBL3706892,760.9999999999999
6,O=c1cc(C(F)(F)F)c2cc(N(CC(F)F)CC(F)(F)Cl)ccc2[nH]1,CHEMBL393664,2.3
7,CCCNc1ccc2c(C(F)(F)F)cc(=O)[nH]c2c1,CHEMBL3706875,37.0
8,O=c1cc(C(F)(F)F)c2cc(NCC(F)(F)F)ccc2[nH]1,CHEMBL3706907,16.0
9,CCCN(CC(F)(F)F)c1ccc2[nH]c(=O)cc(C(F)(F)F)c2c1,CHEMBL237261,12.000000000000002
10,O=c1cc(C(F)(F)F)c2cc(N(CCCl)CC(F)(F)F)ccc2[nH]1,CHEMBL237474,2.6
11,Nc1ccc2c(C(F)(F)F)cc(=O)[nH]c2c1,CHEMBL3706876,406.9999999999999
12,O=c1cc(C(F)(F)F)c2ccc(NCC(F)(F)C(F)(F)F)cc2[nH]1,CHEMBL3706889,36.0
13,CC(C)CNc1ccc2c(C(F)(F)F)cc(=O)[nH]c2c1,CHEMBL3706881,64.99999999999999
14,CCC(C)N(CC(F)(F)F)c1ccc2[nH]c(=O)cc(C(F)(F)F)c2c1,CHEMBL393865,29.0
15,CCC(C)c1cc2c(C(F)(F)F)cc(=O)[nH]c2cc1N,CHEMBL3706899,12.999999999999998
16,O=c1cc(O)c2cc(N(CC(F)(F)F)CC(F)(F)F)ccc2[nH]1,CHEMBL235126,1000.0
17,CCCCN(CC(F)(F)F)c1ccc2[nH]c(=O)cc(C(F)(F)F)c2c1,CHEMBL393864,33.0
18,CCc1cc2c(C(F)(F)F)cc(=O)[nH]c2cc1NCC(F)(F)F,CHEMBL3706903,156.99999999999994
19,O=c1ccc2cc(N(CC(F)(F)F)CC(F)(F)F)ccc2[nH]1,CHEMBL391798,23.999999999999993
20,O=C(N(CC(F)(F)F)c1ccc2[nH]c(=O)cc(C(F)(F)F)c2c1)C(F)(F)F,CHEMBL3706929,1000.0
21,O=c1cc(C(F)(F)F)c2cc(N(CC(F)(F)F)CC(F)(F)F)ccc2[nH]1,CHEMBL436784,1.5
22,CNc1ccc2c(C(F)(F)F)cc(=O)[nH]c2c1,CHEMBL3706877,83.00000000000001
23,CC(C)(C)CN(CC(F)(F)F)c1ccc2[nH]c(=O)cc(C(F)(F)F)c2c1,CHEMBL237472,12.000000000000002
24,CCc1cc2c(C(F)(F)F)cc(=O)[nH]c2cc1NC,CHEMBL3706902,868.9999999999997
25,CCN(CC)c1ccc2c(C(F)(F)F)cc(=O)[nH]c2c1,CHEMBL3706893,463.00000000000017
26,O=c1cc(C(F)(F)F)c2cc(N(CCO)CC(F)(F)F)ccc2[nH]1,CHEMBL237682,6.6
27,O=c1cc(C(F)(F)F)c2cc(N(CCC(F)(F)F)CC(F)(F)F)ccc2[nH]1,CHEMBL391940,116.00000000000003
28,CCCCNc1ccc2c(C(F)(F)F)cc(=O)[nH]c2c1,CHEMBL3706879,49.99999999999999
29,O=c1cc(C(F)(F)F)c2cc(N(CC(F)F)CC(F)F)ccc2[nH]1,CHEMBL237045,0.5
30,CCCc1cc2c(C(F)(F)F)cc(=O)[nH]c2cc1N,CHEMBL3706898,9.0
31,CC(C)(C)CNc1ccc2c(C(F)(F)F)cc(=O)[nH]c2c1,CHEMBL3706882,134.00000000000003
32,Cc1cc2c(C(F)(F)F)cc(=O)[nH]c2cc1N,CHEMBL3706896,29.999999999999996
33,CC(C)(C)CNc1ccc2[nH]c(=O)cc(C(F)(F)F)c2c1,CHEMBL3706911,56.00000000000001
34,COc1cc(=O)[nH]c2ccc(N(CC(F)(F)F)CC(F)(F)F)cc12,CHEMBL393280,22.999999999999996
35,O=c1cc(C(F)(F)F)c2cc(NCC(F)(F)C(F)(F)F)ccc2[nH]1,CHEMBL3706908,77.99999999999999
36,CCCN(CC(F)(F)F)c1ccc2c(C(F)(F)F)cc(=O)[nH]c2c1,CHEMBL3706895,240.99999999999997
37,CCC(C)(C)Nc1ccc2c(C(F)(F)F)cc(=O)[nH]c2c1,CHEMBL3706883,109.99999999999997
38,CC(C)Nc1ccc2c(C(F)(F)F)cc(=O)[nH]c2c1,CHEMBL3706880,78.99999999999999
39,CC(C)c1cc(=O)[nH]c2ccc(N(CC(F)(F)F)CC(F)(F)F)cc12,CHEMBL238124,21.0
40,CCOC(=O)CN(CC(F)(F)F)c1ccc2[nH]c(=O)cc(C(F)(F)F)c2c1,CHEMBL3706928,18.999999999999996
41,CCCN(CCC)c1ccc2[nH]c(=O)cc(C(F)(F)F)c2c1,CHEMBL442240,63.999999999999986
42,O=c1cc(C(F)(F)F)c2ccc(NCC(F)(F)F)cc2[nH]1,CHEMBL3706888,15.000000000000004
43,O=c1cc(C(F)(F)F)c2cc(N(CC(F)F)CC(F)(F)F)ccc2[nH]1,CHEMBL440980,1.7
44,O=c1cc(C(F)(F)F)c2cc(N(CC(Cl)Cl)CC(F)(F)F)ccc2[nH]1,CHEMBL428026,6.0
45,CCc1cc2c(C(F)(F)F)cc(=O)[nH]c2cc1N,CHEMBL3706897,20.000000000000004
46,CN(CC(F)(F)F)c1ccc2[nH]c(=O)cc(C(F)(F)F)c2c1,CHEMBL237259,9.0
47,C[S+](O)c1cc(C(F)(F)F)c2cc3c(cc2n1)NC(C)(C)CC3,CHEMBL134209,20.000000000000004
48,CC1(C)CCc2cc3c(C(F)(F)F)cc(O)nc3cc2N1,CHEMBL6874,26.0
49,CCC1Cc2cc3c(C(F)(F)F)cc(O)nc3cc2NC1(C)C,CHEMBL350465,250.99999999999991
50,CC[C@H]1C[C@@H](CC)Nc2cc3nc(O)cc(C(F)(F)F)c3cc21,CHEMBL7383,9.0
51,CCC[C@@H]1CCc2cc3c(C(F)(F)F)cc(O)nc3cc2N1,CHEMBL268569,23.999999999999993
52,CN1c2cc3nc(C#N)cc(C(F)(F)F)c3cc2CCC1(C)C,CHEMBL132427,85.99999999999999
53,CCC1(CC)CCNc2cc3nc(O)cc(C(F)(F)F)c3cc21,CHEMBL282866,58.00000000000001
54,CC(C)C1CCNc2cc3nc(O)cc(C(F)(F)F)c3cc21,CHEMBL27276,12.999999999999998
55,CC(C)C[C@H]1c2cc3c(C(F)(F)F)cc(O)nc3cc2NC[C@@H]1C,CHEMBL2113248,72.00000000000001
56,CN1c2cc3nc(Br)cc(C(F)(F)F)c3cc2CCC1(C)C,CHEMBL133167,425.99999999999994
57,CCC[C@H]1Cc2cc3c(C(F)(F)F)cc(O)nc3cc2N[C@@H]1CC,CHEMBL7231,32.00000000000001
58,CC1c2cc3c(C(F)(F)F)cc(O)nc3cc2NC(C)(C)C1(C)C,CHEMBL157344,358.00000000000017
59,CC(C)CC1CCNc2cc3nc(O)cc(C(F)(F)F)c3cc21,CHEMBL282813,21.999999999999996
60,CC[C@H]1Nc2cc3nc(O)cc(C(F)(F)F)c3cc2CC1(C)C,CHEMBL6689,49.99999999999999
61,CC1(C)CCc2cc3c(C(F)(F)F)cc(Br)nc3cc2N1,CHEMBL134140,158.99999999999994
62,CCC1CC(C)(C)Nc2cc3nc(O)cc(C(F)(F)F)c3cc21,CHEMBL156982,54.000000000000014
63,C[C@@H]1CCc2cc3c(C(F)(F)F)cc(O)nc3cc2N1,CHEMBL267141,7.0
64,CC1(C)Cc2cc3c(C(F)(F)F)cc(O)nc3cc2NC1(C)C,CHEMBL156806,189.00000000000006
65,CC1(C)CNc2cc3nc(O)cc(C(F)(F)F)c3cc21,CHEMBL351022,28.0
66,CC(C)C1CC(C)(C)Nc2cc3nc(O)cc(C(F)(F)F)c3cc21,CHEMBL156751,650.0000000000002
67,C[C@@H]1Cc2cc3c(C(F)(F)F)cc(O)nc3cc2N1,CHEMBL351465,10.0
68,CC(C)[C@@H]1CCc2cc3c(C(F)(F)F)cc(O)nc3cc2N1,CHEMBL267850,109.00000000000004
69,C[C@H]1CNc2cc3nc(O)cc(C(F)(F)F)c3cc2C1CCC(F)(F)F,CHEMBL281945,2.0
70,CC[C@@H]1C[C@H](C)c2cc3c(C(F)(F)F)cc(O)nc3cc2N1,CHEMBL7373,21.0
71,C[C@@H]1CNc2cc3nc(O)cc(C(F)(F)F)c3cc21,CHEMBL349229,17.0
72,CC1(C)CCNc2cc3nc(O)cc(C(F)(F)F)c3cc21,CHEMBL281028,12.000000000000002
73,C[C@H]1Nc2cc3nc(O)cc(C(F)(F)F)c3cc2CC1(C)C,CHEMBL267907,82.0
74,CC1CCNc2cc3nc(O)cc(C(F)(F)F)c3cc21,CHEMBL283449,9.0
75,C[C@H]1C[C@@H](C)Nc2cc3nc(O)cc(C(F)(F)F)c3cc21,CHEMBL268326,6.0
76,CC1(C)CCc2cc3c(C(F)(F)F)ccnc3cc2N1,CHEMBL338922,5.000000000000001
77,CC1(C)CCc2cc3c(C(F)(F)F)cc(NS(C)(=O)=O)nc3cc2N1,CHEMBL134180,572.0000000000002
78,CC1(C)CCc2cc3c(C(F)(F)F)cc(F)nc3cc2N1,CHEMBL133503,10.999999999999996
79,CC1(C)CCc2cc3c(C(F)(F)F)cc(Cl)nc3cc2N1,CHEMBL133792,83.99999999999999
80,CN1c2cc3nc(Cl)cc(C(F)(F)F)c3cc2CCC1(C)C,CHEMBL133289,294.0
81,CCC1(C)CCc2cc3c(C(F)(F)F)cc(O)nc3cc2N1,CHEMBL351148,29.0
82,CCCC[S+](O)c1cc(C(F)(F)F)c2cc3c(cc2n1)NC(C)(C)CC3,CHEMBL132295,96.0
83,Oc1cc(C(F)(F)F)c2cc3c(cc2n1)NCC3,CHEMBL166323,40.99999999999999
84,CCCC1CCNc2cc3nc(O)cc(C(F)(F)F)c3cc21,CHEMBL280865,29.0
85,CC[C@H]1Nc2cc3nc(O)cc(C(F)(F)F)c3cc2CC1(CC)CC,CHEMBL267471,42.00000000000001
86,CC1CC(C)(C)Nc2cc3nc(O)cc(C(F)(F)F)c3cc21,CHEMBL156142,76.0
87,Cc1c2c(cc3c(C(F)(F)F)cc(O)nc13)C(C)CC(C)(C)N2,CHEMBL347910,85.00000000000003
88,O=C1[C@@H]2C3CCC(O3)[C@@H]2C(=O)N1c1cccc(C(F)(F)F)c1,CHEMBL255157,4100.0
89,N#Cc1ccc(N2C(=O)[C@@H]3C4CCC(O4)[C@@H]3C2=O)cc1C(F)(F)F,CHEMBL427721,1170.0000000000002
90,CCOC(=O)N1C[C@@]2(C)O[C@@](C)(C1)[C@@H]1C(=O)N(c3ccc(C#N)c(C(F)(F)F)c3)C(=O)[C@@H]12,CHEMBL1209973,5.700000000000001
91,CC12CCC(C)(O1)[C@@H]1C(=O)N(c3cnc(C#N)c(Cl)c3)C(=O)[C@@H]12,CHEMBL403213,4.0
92,C[C@@]12C[C@@H](NS(C)(=O)=O)[C@](C)(O1)[C@@H]1C(=O)N(c3ccc(C#N)c(C(F)(F)F)c3)C(=O)[C@@H]12,CHEMBL3623123,12.000000000000002
93,C[C@]12CN(c3cccc(C(N)=O)c3)C[C@](C)(O1)[C@@H]1C(=O)N(c3ccc(C#N)c(C(F)(F)F)c3)C(=O)[C@@H]12,CHEMBL1210783,9.0
94,CC12CCC(C)(O1)[C@@H]1C(=O)N(c3ccc([N+](=O)[O-])c(C(F)(F)F)c3)C(=O)[C@@H]12,CHEMBL403214,17.0
95,CC(C)N1C(=O)[C@@]2(C)O[C@@](C)(C1=O)[C@@H]1C(=O)N(c3ccc(C#N)c(C(F)(F)F)c3)C(=O)[C@@H]12,CHEMBL1210908,13.999999999999998
96,C[C@]12CN(S(=O)(=O)c3ccc(F)cc3)C[C@](C)(O1)[C@@H]1C(=O)N(c3ccc(C#N)c(C(F)(F)F)c3)C(=O)[C@@H]12,CHEMBL1208805,32.00000000000001
97,CC12CCC(C)(O1)[C@@H]1C(=O)N(c3ccc(C#N)c(C(F)(F)F)c3)C(=O)[C@@H]12,CHEMBL403669,17.0
98,CC(C)C(=O)N1C[C@@]2(C)O[C@@](C)(C1)[C@@H]1C(=O)N(c3ccc(C#N)c(C(F)(F)F)c3)C(=O)[C@@H]12,CHEMBL1209905,38.99999999999999
99,C[C@]12CN(c3cccc(S(N)(=O)=O)c3)C[C@](C)(O1)[C@@H]1C(=O)N(c3ccc(C#N)c(C(F)(F)F)c3)C(=O)[C@@H]12,CHEMBL1210150,21.999999999999996
100,CCC(=O)N1C[C@@]2(C)O[C@@](C)(C1)[C@@H]1C(=O)N(c3ccc(C#N)c(C(F)(F)F)c3)C(=O)[C@@H]12,CHEMBL1209904,83.99999999999999
101,Cc1cc(N2C(=O)[C@@H]3C4CCC(O4)[C@@H]3C2=O)ccc1Cl,CHEMBL255367,77.0
102,CNS(=O)(=O)N[C@@H]1C[C@]2(C)O[C@]1(C)[C@@H]1C(=O)N(c3ccc(C#N)c(C(F)(F)F)c3)C(=O)[C@@H]12,CHEMBL3623120,49.99999999999999
103,CON1C[C@@]2(C)O[C@@](C)(C1)[C@@H]1C(=O)N(c3ccc(C#N)c(C(F)(F)F)c3)C(=O)[C@@H]12,CHEMBL1210910,3.6999999999999997
104,CCCOC(=O)N1C[C@@]2(C)O[C@@](C)(C1)[C@@H]1C(=O)N(c3ccc(C#N)c(C(F)(F)F)c3)C(=O)[C@@H]12,CHEMBL1210033,6.6
105,C[C@@]12C[C@@H](C(=O)O)[C@](C)(O1)[C@@H]1C(=O)N(c3ccc(C#N)c(C(F)(F)F)c3)C(=O)[C@@H]12,CHEMBL3623115,1600.000000000001
106,C[C@]12CN(c3cccc(S(C)(=O)=O)c3)C[C@](C)(O1)[C@@H]1C(=O)N(c3ccc(C#N)c(C(F)(F)F)c3)C(=O)[C@@H]12,CHEMBL1210151,9.4
107,CC(C)OC(=O)[C@@H]1C[C@]2(C)O[C@]1(C)[C@@H]1C(=O)N(c3ccc(C#N)c(C(F)(F)F)c3)C(=O)[C@@H]12,CHEMBL3623116,22.999999999999996
108,CSc1cc(N2C(=O)[C@H]3[C@@H](C2=O)C2(C)CCC3(C)O2)ccc1C#N,CHEMBL272509,3.0
109,CC(C)NC(=O)N[C@@H]1C[C@]2(C)O[C@]1(C)[C@@H]1C(=O)N(c3ccc(C#N)c(C(F)(F)F)c3)C(=O)[C@@H]12,CHEMBL3623121,30.999999999999996
110,O=C1[C@@H]2C3CCC(O3)[C@@H]2C(=O)N1c1ccc(Cl)c(C(F)(F)F)c1,CHEMBL271925,1110.0000000000005
111,CCS(=O)(=O)N1C[C@@]2(C)O[C@@](C)(C1)[C@@H]1C(=O)N(c3ccc(C#N)c(C(F)(F)F)c3)C(=O)[C@@H]12,CHEMBL1210036,16.0
112,C[C@]12CN(O)C[C@](C)(O1)[C@@H]1C(=O)N(c3ccc(C#N)c(C(F)(F)F)c3)C(=O)[C@@H]12,CHEMBL1210909,37.0
113,CC12CCC(C)(O1)[C@@H]1C(=O)N(c3ccc(C#N)c(I)c3)C(=O)[C@@H]12,CHEMBL403668,1.0
114,CN1C(=O)[C@@]2(C)O[C@@](C)(C1=O)[C@@H]1C(=O)N(c3ccc(C#N)c(C(F)(F)F)c3)C(=O)[C@@H]12,CHEMBL1210840,20.000000000000004
115,C[C@]12CNC[C@](C)(O1)[C@@H]1C(=O)N(c3ccc(C#N)c(C(F)(F)F)c3)C(=O)[C@@H]12,CHEMBL1208812,21.0
116,CCCN1C[C@@]2(C)O[C@@](C)(C1)[C@@H]1C(=O)N(c3ccc(C#N)c(C(F)(F)F)c3)C(=O)[C@@H]12,CHEMBL1209903,13.999999999999998
117,C[C@]12CN(C(=O)C3CC3)C[C@](C)(O1)[C@@H]1C(=O)N(c3ccc(C#N)c(C(F)(F)F)c3)C(=O)[C@@H]12,CHEMBL1209906,36.0
118,O=C1[C@@H]2C3CCC(O3)[C@@H]2C(=O)N1c1ccc(Cl)c(Cl)c1,CHEMBL270450,377.00000000000017
119,C[C@]12CN(c3ncccn3)C[C@](C)(O1)[C@@H]1C(=O)N(c3ccc(C#N)c(C(F)(F)F)c3)C(=O)[C@@H]12,CHEMBL1210214,6.1
120,CCNC(=O)N1C[C@@]2(C)O[C@@](C)(C1)[C@@H]1C(=O)N(c3ccc(C#N)c(C(F)(F)F)c3)C(=O)[C@@H]12,CHEMBL1210907,176.00000000000006
121,Cc1ccc(N2C(=O)[C@@H]3C4CCC(O4)[C@@H]3C2=O)cc1Cl,CHEMBL437214,486.0
122,CC12CCC(C)(O1)[C@@H]1C(=O)N(c3cc(Cl)cc(Cl)c3)C(=O)[C@@H]12,CHEMBL257668,3.0
123,CCS(=O)(=O)N[C@@H]1C[C@]2(C)O[C@]1(C)[C@@H]1C(=O)N(c3ccc(C#N)c(C(F)(F)F)c3)C(=O)[C@@H]12,CHEMBL3623127,1.7
124,C[C@]12CN(S(=O)(=O)c3ccccc3)C[C@](C)(O1)[C@@H]1C(=O)N(c3ccc(C#N)c(C(F)(F)F)c3)C(=O)[C@@H]12,CHEMBL1210090,12.000000000000002
125,O=C(CC(Nc1ccc([N+](=O)[O-])cc1)c1ccc(F)cc1)c1cccc(Cl)c1,CHEMBL1163717,493.00000000000017
126,COc1ccc(NC(CC(=O)c2ccc(C)cc2)c2ccccc2)cc1,CHEMBL1163595,4522.999999999998
127,O=C(CC(Nc1ccc([N+](=O)[O-])cc1)c1cccc(F)c1)c1ccc(N2CCOCC2)cc1,CHEMBL1163620,283.0
128,Cc1ccc(C(=O)CC(Nc2ccc(F)c(F)c2)c2cccc(F)c2)cc1,CHEMBL1163585,1213.9999999999998
129,O=C(CC(Nc1ccc([N+](=O)[O-])cc1)c1cccc(F)c1)c1ccccc1,CHEMBL1163646,63.0
130,N#Cc1cccc(C(=O)CC(Nc2ccc([N+](=O)[O-])cc2)c2ccc(C(F)(F)F)cc2)c1,CHEMBL1163822,883.0
131,COc1cc(C(CC(=O)c2cccc(C)c2)Nc2ccc([N+](=O)[O-])cc2)cc(OC)c1OC,CHEMBL1163975,1530.9999999999993
132,COc1cc(C(CC(=O)c2cccc(F)c2)Nc2ccc([N+](=O)[O-])cc2)cc(OC)c1OC,CHEMBL1165799,3177.9999999999995
133,O=C(CC(Nc1ccc([N+](=O)[O-])cc1)c1cccc(F)c1)c1ccc(-c2ccccc2)cc1,CHEMBL1165642,417.00000000000006
134,Cc1cccc(C(=O)CC(Nc2ccc([N+](=O)[O-])cc2)c2cccc(F)c2)c1,CHEMBL1163976,64.99999999999999
135,COc1ccc(C(=O)CC(Nc2ccc([N+](=O)[O-])cc2)c2ccc(C(F)(F)F)cc2)cc1,CHEMBL1163899,319.9999999999999
136,O=C(CC(Nc1ccc([N+](=O)[O-])cc1)c1cccc(F)c1)c1ccc(C2CCCCC2)cc1,CHEMBL1163902,1010.0000000000001
137,O=C(CC(Nc1ccc([N+](=O)[O-])cc1)c1cccc(F)c1)c1cccc(Br)c1,CHEMBL1163645,124.00000000000003
138,Cc1ccc(C(=O)CC(Nc2ccc(F)cc2)c2cccc(F)c2)cc1,CHEMBL1163588,321.99999999999994
139,Cc1ccc(C(=O)CC(Nc2cccc([N+](=O)[O-])c2)c2cccc(F)c2)cc1,CHEMBL1164339,203.00000000000003
140,Cc1ccc(C(=O)CC(Nc2ccc([N+](=O)[O-])cc2)c2ccccc2)cc1,CHEMBL1163604,17.999999999999996
141,COc1cc(C(CC(=O)c2ccc(C)cc2)Nc2ccc([N+](=O)[O-])cc2)cc(OC)c1OC,CHEMBL1163643,490.0000000000002
142,Cc1ccc(C(=O)CC(Nc2ccc([N+](=O)[O-])cc2)c2ccsc2)cc1,CHEMBL1164379,10.399999999999999
143,O=C(CC(Nc1ccc([N+](=O)[O-])cc1)c1cccc(F)c1)c1ccc(F)cc1,CHEMBL1163644,29.999999999999996
144,O=C(CC(Nc1ccc([N+](=O)[O-])cc1)c1ccc(C(F)(F)F)cc1)c1ccc(Cl)cc1,CHEMBL1164856,635.9999999999999
145,COc1c(O)ccc2c1-c1ccc3c(c1/C(=C/c1cccc(C)c1F)O2)C(C)=CC(C)(C)N3,CHEMBL259820,909.9999999999997
146,CCc1ccccc1/C=C1\Oc2ccc(F)cc2-c2ccc3c(c21)C(C)=CC(C)(C)N3,CHEMBL415524,1588.9999999999995
147,CC1=CC(C)(C)Nc2ccc3c(c21)/C(=C/c1ccccc1N(C)C)Oc1ccc(F)cc1-3,CHEMBL336353,819.0000000000003
148,CC1=CC(C)(C)Nc2ccc3c(c21)/C(=C/c1ccccc1)Oc1c(F)cccc1-3,CHEMBL413309,1456.0000000000002
149,CC1=CC(C)(C)Nc2ccc3c(c21)/C(=C/c1ccccc1C)Oc1c(F)cccc1-3,CHEMBL337856,960.0
150,COc1ccccc1/C=C1\Oc2ccc(F)cc2-c2ccc3c(c21)C(C)=CC(C)(C)N3,CHEMBL335996,438.99999999999994
151,CC1=CC(C)(C)Nc2ccc3c(c21)/C(=C/c1ccccc1)Oc1ccccc1-3,CHEMBL134421,2660.0000000000005
152,CC1=CC(C)(C)Nc2ccc3c(c21)/C(=C/c1ccccc1C)Oc1ccccc1-3,CHEMBL302362,844.0000000000001
153,COc1c(O)ccc2c1-c1ccc3c(c1/C(=C/c1sccc1CO)O2)C(C)=CC(C)(C)N3,CHEMBL394369,290.0
154,COc1c(O)ccc2c1-c1ccc3c(c1/C(=C/c1sccc1C(C)O)O2)C(C)=CC(C)(C)N3,CHEMBL244537,1530.0000000000002
155,COc1c(O)ccc2c1-c1ccc3c(c1/C(=C/c1sccc1/C(C)=N/O)O2)C(C)=CC(C)(C)N3,CHEMBL397919,290.0
156,COc1c(O)ccc2c1-c1ccc3c(c1/C(=C/c1sccc1C(O)C(F)(F)F)O2)C(C)=CC(C)(C)N3,CHEMBL243656,1899.9999999999995
157,COCc1ccsc1/C=C1\Oc2ccc(O)c(OC)c2-c2ccc3c(c21)C(C)=CC(C)(C)N3,CHEMBL395716,150.00000000000003
158,COc1c(O)ccc2c1-c1ccc3c(c1/C(=C/c1cccc(O)c1)O2)C(C)=CC(C)(C)N3,CHEMBL3706946,909.9999999999997
159,COCOCc1cc(F)ccc1/C=C1\Oc2ccc(O)c(OC)c2-c2ccc3c(c21)C(C)=CC(C)(C)N3,CHEMBL3706942,630.0
160,COc1c(O)ccc2c1-c1ccc3c(c1/C(=C/c1ccc(F)cc1CO)O2)C(C)=CC(C)(C)N3,CHEMBL3706940,700.0000000000001
161,COc1c(N2C(=O)[C@@H]3[C@H](O)CCN3C2=O)ccc(C#N)c1C,CHEMBL395502,8.1
162,CCc1cc(C#N)ccc1N1C(=O)[C@@H]2[C@H](O)CCN2C1=O,CHEMBL231328,13.999999999999998
163,COc1c(C#N)ccc(N2C(=O)[C@@H]3[C@H](O)CCN3C2=O)c1C,CHEMBL230695,3.6999999999999997
164,N#Cc1ccc(N2C(=O)[C@@H]3[C@H](O)CCN3C2=O)c(F)c1F,CHEMBL231015,4.3
165,N#Cc1ccc(N2C(=O)[C@@H]3[C@H](O)CCN3C2=O)cc1-c1ccccc1,CHEMBL230053,47.99999999999999
166,N#Cc1ccc(N2C(=O)[C@@H]3[C@H](O)CCN3C2=O)cc1C(F)(F)F,CHEMBL388421,7.799999999999999
167,Cc1c(N2C(=O)[C@@H]3[C@H](O)CCN3C2=O)ccc(C#N)c1Br,CHEMBL398226,1.2
168,O=C1C2CCCN2C(=O)N1c1ccc([N+](=O)[O-])c2ccccc12,CHEMBL374121,1.7
169,COc1c(C#N)ccc(N2C(=O)[C@@H]3[C@H](O)CCN3C2=O)c1Cl,CHEMBL394593,6.1
170,N#Cc1ccc(N2C(=O)[C@@H]3[C@H](O)CCN3C2=O)cc1Cl,CHEMBL230052,1.5
171,COc1c(N2C(=O)[C@@H]3[C@H](O)CCN3C2=O)ccc(C#N)c1C(F)(F)F,CHEMBL231327,7.8999999999999995
172,N#Cc1ccc(N2C(=O)[C@@H]3[C@H](O)CCN3C2=O)cc1,CHEMBL388210,34.0
173,Cc1c(N2C(=O)[C@@H]3[C@H](O)CCN3C2=O)ccc(C#N)c1F,CHEMBL390849,1.3
174,Cc1cc(C#N)ccc1N1C(=O)[C@@H]2[C@H](O)CCN2C1=O,CHEMBL389606,8.5
175,Cc1c(C#N)ccc(N2C(=O)[C@@H]3[C@H](O)CCN3C2=O)c1Cl,CHEMBL231122,0.7
176,COc1cc(N2C(=O)[C@@H]3[C@H](O)CCN3C2=O)ccc1C#N,CHEMBL439873,23.999999999999993
177,CCc1c(N2C(=O)[C@@H]3[C@H](O)CCN3C2=O)ccc(C#N)c1C(F)(F)F,CHEMBL397217,3.2999999999999994
178,C[C@](O)(Cn1ccc2c(-c3ccccc3)cccc21)C(=O)Nc1ccc(C#N)c(C(F)(F)F)c1,CHEMBL4439702,83.99999999999999
179,C[C@](O)(Cn1ccc2cc(F)c(-c3ccccc3)cc21)C(=O)Nc1ccc(C#N)c(Cl)c1,CHEMBL4447959,133.0
180,C[C@](O)(Cn1ccc2cccc(F)c21)C(=O)Nc1ccc(C#N)c(Cl)c1,CHEMBL4585987,720.0000000000001
181,C[C@](O)(Cn1ccc2c(F)cccc21)C(=O)Nc1ccc(C#N)c(Cl)c1,CHEMBL4483663,314.99999999999994
182,C[C@](O)(Cn1cc(F)c2ccccc21)C(=O)Nc1ccc(C#N)c(Cl)c1,CHEMBL4567476,331.99999999999994
183,C[C@](O)(Cn1ccc2c(F)cc(-c3ccc(F)cc3)cc21)C(=O)Nc1ccc(C#N)c(C(F)(F)F)c1,CHEMBL4475563,62.0
184,C[C@](O)(Cn1ccc2c(F)c(-c3ccccc3)ccc21)C(=O)Nc1ccc(C#N)c(C(F)(F)F)c1,CHEMBL4520679,85.99999999999999
185,CCOC(=O)c1cn(C[C@](C)(O)C(=O)Nc2ccc(C#N)c(C(F)(F)F)c2)c2ccccc12,CHEMBL4448937,995.0000000000002
186,C[C@](O)(Cn1ccc2cc(I)ccc21)C(=O)Nc1ccc(C#N)c(C(F)(F)F)c1,CHEMBL4542693,294.0
187,C[C@](O)(Cn1ccc2cc(Br)ccc21)C(=O)Nc1ccc(C#N)c(C(F)(F)F)c1,CHEMBL4456781,316.00000000000006
188,C[C@](O)(Cn1ccc2cc(F)c(-c3ccccc3)cc21)C(=O)Nc1ccc(C#N)c(C(F)(F)F)c1,CHEMBL4460567,124.00000000000003
189,Cc1cn(C[C@](C)(O)C(=O)Nc2ccc(C#N)c(C(F)(F)F)c2)c2ccc(F)cc12,CHEMBL4442857,547.0000000000001
190,C[C@](O)(Cn1ccc2ccc([N+](=O)[O-])cc21)C(=O)Nc1ccc(C#N)c(C(F)(F)F)c1,CHEMBL4554646,47.00000000000001
191,C[C@](O)(Cn1ccc2cc([N+](=O)[O-])ccc21)C(=O)Nc1ccc(C#N)c(C(F)(F)F)c1,CHEMBL4586748,433.0000000000001
192,C[C@](O)(Cn1ccc2ccc(F)cc21)C(=O)Nc1ccc(C#N)c(C(F)(F)F)c1,CHEMBL4474096,212.0000000000001
193,C[C@](O)(Cn1ccc2c(F)cccc21)C(=O)Nc1ccc(C#N)c(C(F)(F)F)c1,CHEMBL4456765,418.99999999999983
194,C[C@](O)(Cn1ccc2cc(F)ccc21)C(=O)Nc1ccc(C#N)c(C(F)(F)F)c1,CHEMBL4444904,267.0000000000001
195,CCC1COc2cc3[nH]c(=O)cc(C(F)(F)F)c3cc2N1CC,CHEMBL224207,5.6000000000000005
196,CC1COc2cc3[nH]c(=O)cc(C(F)(F)F)c3cc2N1,CHEMBL227033,113.00000000000006
197,CCCN1CCOc2cc3[nH]c(=O)cc(C(F)(F)F)c3cc21,CHEMBL227590,9.6
198,O=c1cc(C(F)(F)F)c2cc3c(cc2[nH]1)OC[C@@H](CC(F)(F)F)N3CC(F)(F)F,CHEMBL256284,17.999999999999996
199,CC(C)(C)N1CCOc2cc3[nH]c(=O)cc(C(F)(F)F)c3cc21,CHEMBL375907,47.99999999999999
200,CN1CCOc2cc3[nH]c(=O)cc(C(F)(F)F)c3cc21,CHEMBL227030,15.000000000000004
201,O=c1cc(C(F)(F)F)c2cc3c(cc2[nH]1)OCC(C(F)F)N3CC(F)(F)F,CHEMBL256326,6.6
202,CCN1CCOc2cc3[nH]c(=O)cc(C(F)(F)F)c3cc21,CHEMBL224204,1.2
203,CC(C)[C@@H]1COc2cc3[nH]c(=O)cc(C(F)(F)F)c3cc2N1CC(F)(F)F,CHEMBL226559,50.999999999999986
204,CC1CN(C)c2cc3c(C(F)(F)F)cc(=O)[nH]c3cc2O1,CHEMBL268589,33.0
205,CCC1CN(CC(F)(F)F)c2cc3c(C(F)(F)F)cc(=O)[nH]c3cc2O1,CHEMBL376360,29.999999999999996
206,N#CCC1COc2cc3[nH]c(=O)cc(C(F)(F)F)c3cc2N1CC(F)(F)F,CHEMBL256126,17.999999999999996
207,CCN1c2cc3c(C(F)(F)F)cc(=O)[nH]c3cc2OCC1C,CHEMBL227305,4.2
208,CC(C)C[C@@H]1COc2cc3[nH]c(=O)cc(C(F)(F)F)c3cc2N1CC(F)(F)F,CHEMBL227695,109.00000000000004
209,CCC1CN(C)c2cc3c(C(F)(F)F)cc(=O)[nH]c3cc2O1,CHEMBL227463,58.00000000000001
210,CC1=CC(C)(C)Nc2ccc3c(c21)C(c1cc(Cl)cc(Cl)c1)Oc1ccccc1-3,CHEMBL102541,2583.999999999999
211,COc1cccc2c1-c1ccc3c(c1C(c1ccccc1)O2)C(C)=CC(C)(C)N3,CHEMBL99046,2660.0000000000005
212,COc1cccc2c1-c1ccc3c(c1C(c1cccc(OCSC)c1)O2)C(C)=CC(C)(C)N3,CHEMBL97206,3115.0000000000005
213,COc1cccc2c1-c1ccc3c(c1C(c1cccc(OC(=O)N(C)C)c1)O2)C(C)=CC(C)(C)N3,CHEMBL317578,3065.999999999999
214,CC1=CC(C)(C)Nc2ccc3c(c21)C(c1ccccc1)Oc1ccccc1-3,CHEMBL101914,1855.9999999999995
215,CC1=CC(C)(C)Nc2ccc3c(c21)C(c1cccc(C(F)(F)F)c1)Oc1ccccc1-3,CHEMBL318513,795.0000000000005
216,CC1=CC(C)(C)Nc2ccc3c(c21)C(c1ccc(C)c(F)c1)Oc1ccccc1-3,CHEMBL103092,1580.9999999999995
217,CC1=CC(C)(C)Nc2ccc3c(c21)C(c1cccc(Cl)c1)Oc1ccccc1-3,CHEMBL320690,1525.9999999999995
218,CC1=CC(C)(C)Nc2ccc3c(c21)C(c1ccc(Cl)c(Cl)c1)Oc1ccccc1-3,CHEMBL317921,5831.0
219,CC1=CC(C)(C)Nc2ccc3c(c21)C(c1ccc(Cl)cc1)Oc1ccccc1-3,CHEMBL286595,2684.9999999999986
220,CC1=CC(C)(C)Nc2ccc3c(c21)C(c1cc(C)cc(Br)c1)Oc1ccccc1-3,CHEMBL101907,3499.0
221,CC1=CC(C)(C)Nc2ccc3c(c21)C(c1ccc(Cl)c(C)c1)Oc1ccccc1-3,CHEMBL102720,1859.9999999999989
222,CC1=CC(C)(C)Nc2ccc3c(c21)C(c1cccc(Br)c1)Oc1ccccc1-3,CHEMBL430855,2137.9999999999995
223,C=CCC1Oc2cccc(SC)c2-c2ccc3c(c21)C(C)=CC(C)(C)N3,CHEMBL8394,2460.000000000001
224,C=CCC1Oc2cccc(OC)c2-c2ccc3c(c21)C(C)=CC(C)(C)N3,CHEMBL266282,1230.0000000000005
225,CC1=CC(C)(C)Nc2ccc3c(c21)C(CCC(C)C)Oc1ccccc1-3,CHEMBL114607,1484.9999999999995
226,CCCOC1Oc2ccc(Cl)cc2-c2ccc3c(c21)C(C)=CC(C)(C)N3,CHEMBL116221,697.0000000000002
227,C=CCC1Oc2cccc(OC(F)F)c2-c2ccc3c(c21)C(C)=CC(C)(C)N3,CHEMBL267231,96.3
228,C=CCC1Oc2cccc(NC)c2-c2ccc3c(c21)C(C)=CC(C)(C)N3,CHEMBL440454,2590.0000000000005
229,CCCCC1Oc2ccccc2-c2ccc3c(c21)C(C)=CC(C)(C)N3,CHEMBL325221,2046.0000000000002
230,C#Cc1cccc2c1-c1ccc3c(c1C(CC=C)O2)C(C)=CC(C)(C)N3,CHEMBL7671,650.0000000000002
231,CC1=CC(C)(C)Nc2ccc3c(c21)C(C)Oc1ccc(F)cc1-3,CHEMBL116007,456.0000000000002
232,CCCCC1Oc2ccc(C)cc2-c2ccc3c(c21)C(C)=CC(C)(C)N3,CHEMBL114941,902.9999999999999
233,CC1=CC(C)(C)Nc2ccc3c(c21)C(C)Oc1ccc(Cl)cc1-3,CHEMBL286446,620.9999999999997
234,C=CCC1Oc2cccc(O)c2-c2ccc3c(c21)C(C)=CC(C)(C)N3,CHEMBL266709,2059.9999999999995
235,CCCCC1Oc2ccc(F)cc2-c2ccc3c(c21)C(C)=CC(C)(C)N3,CHEMBL326092,1330.0
236,C[C@H]1N(C)c2cc3c(cc2C1(C)C)c(C(F)(F)F)cc(=O)n3C,CHEMBL349631,33.0
237,CCC1CCc2cc3c(C(F)(F)F)cc(=O)[nH]c3cc2N1,CHEMBL3706874,10.999999999999996
238,CCC1CCNc2cc3c(cc21)c(C(F)(F)F)cc(=O)n3C,CHEMBL27297,9.0
239,CCC1CCNc2cc3[nH]c(=O)cc(C(F)(F)F)c3cc21,CHEMBL390728,11.666666666666663
240,CCC1(C)CCc2cc3c(C(F)(F)F)cc(=O)n(C)c3cc2N1,CHEMBL422707,68.99999999999999
241,Cn1c(=O)cc(C(F)(F)F)c2cc3c(cc21)NC(C)(C)CC3,CHEMBL346827,56.00000000000001
242,CCC1(C)CCc2cc3c(C(F)(F)F)cc(=O)n(C)c3cc2N1C,CHEMBL160230,10.0
243,CCC1CCN(C)c2cc3c(cc21)c(C(F)(F)F)cc(=O)n3C,CHEMBL27413,263.0000000000001
244,C[C@H]1Nc2cc3c(cc2C1(C)C)c(C(F)(F)F)cc(=O)n3C,CHEMBL351519,9.0
245,CC1CC(C)(C)Nc2cc3c(cc21)c(C(F)(F)F)cc(=O)n3C,CHEMBL156278,46.0
246,CN1c2cc3c(cc2CCC1(C)C)c(C(F)(F)F)cc(=O)n3C,CHEMBL435651,17.0
247,C[C@H]1Nc2cc3c(cc2[C@H]1C)c(C(F)(F)F)cc(=O)n3C,CHEMBL348918,10.0
248,CC[C@H](C)[C@H](NC(=O)[C@H](CS)NC(=O)[C@H](Cc1ccccc1)NC(=O)[C@H](CC(C)C)NC(=O)[C@H](CCC(=O)O)NC(=O)[C@H](CS)NC(=O)[C@H](Cc1ccccc1)NC(=O)[C@H](CCCNC(=N)N)NC(=O)[C@@H](N)CC(N)=O)C(=O)N[C@@H](CCC(N)=O)C(=O)N[C@@H](CC(=O)O)C(=O)N[C@H](C(=O)NCC(=O)N[C@@H](CC(=O)O)C(=O)N[C@H](C(=O)N[C@@H](CCCCN)C(=O)N[C@@H](C)C(=O)N[C@@H](CS)C(=O)N[C@@H](CCC(=O)O)C(=O)N[C@@H](Cc1c[nH]c2ccccc12)C(=O)N[C@@H](C)C(=O)N[C@@H](CS)C(=O)N[C@@H](CCC(N)=O)C(=O)O)C(C)C)[C@@H](C)O,CHEMBL3132983,2099.999999999999
249,CC(C)C[C@H](NC(=O)[C@H](CS)NC(=O)[C@H](CC(N)=O)NC(=O)[C@H](Cc1ccccc1)NC(=O)[C@H](Cc1ccc(O)cc1)NC(=O)[C@H](CS)NC(=O)[C@H](C)N)C(=O)N[C@@H](Cc1ccccc1Cl)C(=O)N[C@@H](CCC(=O)O)C(=O)NCC(=O)N[C@@H](CC(N)=O)C(=O)N[C@@H](CC(=O)O)C(=O)N[C@@H](CCC(=O)O)C(=O)N[C@@H](CCC(=O)O)C(=O)N[C@H](C(=O)N[C@@H](CS)C(=O)N[C@@H](CCCCN)C(=O)N[C@@H](CCC(=O)O)C(=O)N[C@@H](Cc1c[nH]c2ccccc12)C(=O)N[C@@H](CS)C(=O)O)[C@@H](C)O,CHEMBL3132978,3000.0000000000014
250,CC(C)C[C@H](NC(=O)[C@H](CS)NC(=O)[C@H](Cc1cnc[nH]1)NC(=O)[C@H](Cc1ccccc1)NC(=O)[C@H](Cc1ccc(O)cc1)NC(=O)[C@H](CS)NC(=O)[C@H](C)N)C(=O)N[C@@H](Cc1ccccc1)C(=O)N[C@@H](CCC(=O)O)C(=O)NCC(=O)N[C@@H](CC(N)=O)C(=O)N[C@@H](CC(=O)O)C(=O)N[C@@H](CCC(=O)O)C(=O)N[C@@H](CCC(=O)O)C(=O)N[C@H](C(=O)N[C@@H](CS)C(=O)N[C@@H](CCCCN)C(=O)N[C@@H](CCC(=O)O)C(=O)N[C@@H](Cc1c[nH]c2ccccc12)C(=O)N[C@@H](CS)C(=O)O)[C@@H](C)O,CHEMBL3132975,7000.000000000002
251,CC(C)C[C@H](NC(=O)[C@H](CS)NC(=O)[C@@H](NC(=O)[C@H](Cc1ccccc1)NC(=O)[C@H](Cc1ccc(O)cc1)NC(=O)[C@H](CS)NC(=O)[C@H](C)N)C(C)C)C(=O)N[C@@H](Cc1ccccc1)C(=O)N[C@@H](CCC(=O)O)C(=O)NCC(=O)N[C@@H](CC(N)=O)C(=O)N[C@@H](CC(=O)O)C(=O)N[C@@H](CCC(=O)O)C(=O)N[C@@H](CCC(=O)O)C(=O)N[C@H](C(=O)N[C@@H](CS)C(=O)N[C@@H](CCCCN)C(=O)N[C@@H](CCC(=O)O)C(=O)N[C@@H](Cc1c[nH]c2ccccc12)C(=O)N[C@@H](CS)C(=O)O)[C@@H](C)O,CHEMBL3132973,3000.0000000000014
252,CC(C)C[C@H](NC(=O)[C@H](Cc1ccc(O)cc1)NC(=O)[C@H](CS)NC(=O)[C@H](C)N)C(=O)N[C@@H](CC(N)=O)C(=O)N[C@@H](CS)C(=O)N[C@@H](CC(C)C)C(=O)N[C@@H](CC(C)C)C(=O)N[C@@H](CCC(=O)O)C(=O)NCC(=O)N[C@@H](CC(N)=O)C(=O)N[C@@H](CC(=O)O)C(=O)N[C@@H](CCC(=O)O)C(=O)N[C@@H](CCC(=O)O)C(=O)N[C@H](C(=O)N[C@@H](CS)C(=O)N[C@@H](CCCCN)C(=O)N[C@@H](CCC(=O)O)C(=O)N[C@@H](Cc1c[nH]c2ccccc12)C(=O)N[C@@H](CS)C(=O)O)[C@@H](C)O,CHEMBL3133003,1400.0000000000005
253,CC(C)C[C@H](NC(=O)[C@H](CS)NC(=O)[C@H](CC(N)=O)NC(=O)[C@H](Cc1ccccc1)NC(=O)[C@H](CCCNC(=N)N)NC(=O)[C@H](CS)NC(=O)[C@H](C)N)C(=O)N[C@@H](Cc1ccccc1)C(=O)N[C@@H](CCC(=O)O)C(=O)NCC(=O)N[C@@H](CC(N)=O)C(=O)N[C@@H](CC(=O)O)C(=O)N[C@@H](CCC(=O)O)C(=O)N[C@@H](CCC(=O)O)C(=O)N[C@H](C(=O)N[C@@H](CS)C(=O)N[C@@H](CCCCN)C(=O)N[C@@H](CCC(=O)O)C(=O)N[C@@H](Cc1c[nH]c2ccccc12)C(=O)N[C@@H](CS)C(=O)O)[C@@H](C)O,CHEMBL3133002,12000.000000000007
254,CC(C)C[C@H](NC(=O)[C@H](CS)NC(=O)[C@H](C)N)C(=O)N[C@@H](Cc1ccccc1)C(=O)N[C@@H](CC(N)=O)C(=O)N[C@@H](CS)C(=O)N[C@@H](CC(C)C)C(=O)N[C@@H](Cc1ccccc1)C(=O)N[C@@H](CCC(=O)O)C(=O)NCC(=O)N[C@@H](CC(N)=O)C(=O)N[C@@H](CC(=O)O)C(=O)N[C@@H](CCC(=O)O)C(=O)N[C@@H](CCC(=O)O)C(=O)N[C@H](C(=O)N[C@@H](CS)C(=O)N[C@@H](CCCCN)C(=O)N[C@@H](CCC(=O)O)C(=O)N[C@@H](Cc1c[nH]c2ccccc12)C(=O)N[C@@H](CS)C(=O)O)[C@@H](C)O,CHEMBL3133001,3000.0000000000014
255,CC[C@H](C)[C@H](NC(=O)[C@H](CS)NC(=O)[C@H](Cc1ccccc1)NC(=O)[C@H](CC(C)C)NC(=O)[C@H](CCC(=O)O)NC(=O)[C@H](CS)NC(=O)[C@H](Cc1ccccc1)NC(=O)[C@H](CCCNC(=N)N)NC(=O)[C@@H](N)CC(N)=O)C(=O)N[C@@H](CCC(N)=O)C(=O)NCC(=O)N[C@H](C(=O)N[C@@H](CCC(=O)O)C(=O)N[C@@H](CC(=O)O)C(=O)N[C@H](C(=O)N[C@@H](CCCCN)C(=O)N[C@@H](C)C(=O)N[C@@H](CS)C(=O)N[C@@H](CCC(=O)O)C(=O)N[C@@H](Cc1c[nH]c2ccccc12)C(=O)N[C@@H](C)C(=O)N[C@@H](CS)C(=O)N[C@@H](CCC(N)=O)C(=O)O)C(C)C)[C@@H](C)O,CHEMBL3132998,3000.0000000000014
256,CC(C)C[C@H](NC(=O)[C@H](CCC(=O)O)NC(=O)[C@H](CS)NC(=O)[C@H](Cc1ccccc1)NC(=O)[C@H](CCCNC(=N)N)NC(=O)[C@@H](N)CC(N)=O)C(=O)N[C@@H](Cc1ccccc1)C(=O)N[C@@H](CS)C(=O)N[C@@H](Cc1ccccc1)C(=O)N[C@@H](CCC(N)=O)C(=O)NCC(=O)N[C@H](C(=O)NCC(=O)N[C@@H](CC(=O)O)C(=O)N[C@H](C(=O)N[C@@H](CCCCN)C(=O)N[C@@H](C)C(=O)N[C@@H](CS)C(=O)N[C@@H](CCC(=O)O)C(=O)N[C@@H](Cc1c[nH]c2ccccc12)C(=O)N[C@@H](C)C(=O)N[C@@H](CS)C(=O)N[C@@H](CCC(N)=O)C(=O)O)C(C)C)[C@@H](C)O,CHEMBL3132991,3600.0
257,CC[C@H](C)[C@H](NC(=O)[C@H](CS)NC(=O)[C@H](Cc1ccccc1)NC(=O)[C@H](CCSC)NC(=O)[C@H](CCC(=O)O)NC(=O)[C@H](CS)NC(=O)[C@H](Cc1ccccc1)NC(=O)[C@H](CCCNC(=N)N)NC(=O)[C@@H](N)CC(N)=O)C(=O)N[C@@H](CCC(N)=O)C(=O)NCC(=O)N[C@H](C(=O)NCC(=O)N[C@@H](CC(=O)O)C(=O)N[C@H](C(=O)N[C@@H](CCCCN)C(=O)N[C@@H](C)C(=O)N[C@@H](CS)C(=O)N[C@@H](CCC(=O)O)C(=O)N[C@@H](Cc1c[nH]c2ccccc12)C(=O)N[C@@H](C)C(=O)N[C@@H](CS)C(=O)N[C@@H](CCC(N)=O)C(=O)O)C(C)C)[C@@H](C)O,CHEMBL3132990,4100.0
258,CC[C@H](C)[C@H](NC(=O)[C@H](CS)NC(=O)[C@H](Cc1ccccc1)NC(=O)[C@H](CC(C)C)NC(=O)[C@H](CCC(=O)O)NC(=O)[C@H](CS)NC(=O)[C@H](Cc1ccccc1)NC(=O)[C@H](CCCNC(=N)N)NC(=O)[C@@H](N)CO)C(=O)N[C@@H](CCC(N)=O)C(=O)NCC(=O)N[C@H](C(=O)NCC(=O)N[C@@H](CC(=O)O)C(=O)N[C@H](C(=O)N[C@@H](CCCCN)C(=O)N[C@@H](C)C(=O)N[C@@H](CS)C(=O)N[C@@H](CCC(=O)O)C(=O)N[C@@H](Cc1c[nH]c2ccccc12)C(=O)N[C@@H](C)C(=O)N[C@@H](CS)C(=O)N[C@@H](CCC(N)=O)C(=O)O)C(C)C)[C@@H](C)O,CHEMBL3132988,2499.9999999999995
259,CC[C@H](C)[C@H](NC(=O)[C@H](CS)NC(=O)[C@H](Cc1ccccc1)NC(=O)[C@H](CC(C)C)NC(=O)[C@H](CCC(=O)O)NC(=O)[C@H](CS)NC(=O)[C@H](Cc1ccccc1)NC(=O)[C@H](CC(C)C)NC(=O)[C@@H](N)CC(N)=O)C(=O)N[C@@H](CCC(N)=O)C(=O)NCC(=O)N[C@H](C(=O)NCC(=O)N[C@@H](CC(=O)O)C(=O)N[C@H](C(=O)N[C@@H](CCCCN)C(=O)N[C@@H](C)C(=O)N[C@@H](CS)C(=O)N[C@@H](CCC(=O)O)C(=O)N[C@@H](Cc1c[nH]c2ccccc12)C(=O)N[C@@H](C)C(=O)N[C@@H](CS)C(=O)N[C@@H](CCC(N)=O)C(=O)O)C(C)C)[C@@H](C)O,CHEMBL3132987,10000.0
260,CC[C@H](C)[C@H](NC(=O)[C@H](CS)NC(=O)[C@H](Cc1ccccc1)NC(=O)[C@H](CC(C)C)NC(=O)[C@H](CCC(=O)O)NC(=O)[C@H](CS)NC(=O)[C@H](Cc1ccccc1)NC(=O)[C@H](CCCNC(=N)N)NC(=O)[C@@H](N)CCCCN)C(=O)N[C@@H](CCC(N)=O)C(=O)NCC(=O)N[C@H](C(=O)NCC(=O)N[C@@H](CC(=O)O)C(=O)N[C@H](C(=O)N[C@@H](CCCCN)C(=O)N[C@@H](C)C(=O)N[C@@H](CS)C(=O)N[C@@H](CCC(=O)O)C(=O)N[C@@H](Cc1c[nH]c2ccccc12)C(=O)N[C@@H](C)C(=O)N[C@@H](CS)C(=O)N[C@@H](CCC(N)=O)C(=O)O)C(C)C)[C@@H](C)O,CHEMBL3132985,1899.9999999999995
261,C#C[C@]1(O)CC[C@H]2[C@@H]3CCC4=CC(=O)CCC4=C3[C@@H](c3ccc(N(C)CCOC4CC[C@]5(C)[C@H]6C[C@H](O)[C@@]7(C)[C@@H](CC[C@@H]7[C@H](C)CCC(=O)O)[C@@H]6[C@H](O)C[C@@H]5C4)cc3)C[C@@]21C,CHEMBL427568,8.5
262,C#C[C@]1(O)CC[C@H]2[C@@H]3CCC4=CC(=O)CCC4=C3[C@@H](c3ccc(N(C)CCCS(=O)(=O)N(C)C4CC[C@@]5(C)[C@@H](C4)C[C@@H](O)[C@@H]4[C@@H]5C[C@H](O)[C@@]5(C)[C@H]4CC[C@@H]5[C@H](C)CCC(=O)O)cc3)C[C@@]21C,CHEMBL406027,17.0
263,C#C[C@]1(O)CC[C@H]2[C@@H]3CCC4=CC(=O)CCC4=C3[C@@H](c3ccc(N(C)CCCOC4CC[C@]5(C)[C@H]6C[C@H](O)[C@@]7(C)[C@@H](CC[C@@H]7[C@H](C)CCC(=O)O)[C@@H]6[C@H](O)C[C@@H]5C4)cc3)C[C@@]21C,CHEMBL415621,4.6000000000000005
264,C#C[C@]1(O)CC[C@H]2[C@@H]3CCC4=CC(=O)CCC4=C3[C@@H](c3ccc(N(C)CCNC(=O)OC4CC[C@]5(C)[C@H]6C[C@H](O)[C@@]7(C)[C@@H](CC[C@@H]7[C@H](C)CCC(=O)O)[C@@H]6[C@H](O)C[C@@H]5C4)cc3)C[C@@]21C,CHEMBL266935,6.2
265,C#C[C@]1(O)CC[C@H]2[C@@H]3CCC4=CC(=O)CCC4=C3[C@@H](c3ccc(N(C)CCC[C@H]4[C@H](O)CC[C@]5(C)[C@H]6C[C@H](O)[C@@]7(C)[C@@H](CC[C@@H]7[C@H](C)CCC(=O)O)[C@@H]6[C@H](O)C[C@H]45)cc3)C[C@@]21C,CHEMBL440251,53.000000000000014
266,C#C[C@]1(O)CC[C@H]2[C@@H]3CCC4=CC(=O)CCC4=C3[C@@H](c3ccc(N(C)CCOC4CC[C@]5(C)[C@H]6C[C@H](O)[C@@]7(C)[C@@H](CC[C@@H]7[C@H](C)CCC(=O)NCC(=O)O)[C@@H]6[C@H](O)C[C@@H]5C4)cc3)C[C@@]21C,CHEMBL414318,34.0
267,C#C[C@]1(O)CC[C@H]2[C@@H]3CCC4=CC(=O)CCC4=C3[C@@H](c3ccc(N(C)C(=O)CNC(=O)O[C@@H]4C[C@@H]5CC(O)CC[C@]5(C)[C@H]5C[C@H](O)[C@@]6(C)[C@@H](CC[C@@H]6[C@H](C)CCC(=O)O)[C@@H]54)cc3)C[C@@]21C,CHEMBL263942,37.0
268,C#C[C@]1(O)CC[C@H]2[C@@H]3CCC4=CC(=O)CCC4=C3[C@@H](c3ccc(N(C)C(=O)CNC(=O)OC4CC[C@]5(C)[C@H]6C[C@H](O)[C@@]7(C)[C@@H](CC[C@@H]7[C@H](C)CCC(=O)O)[C@@H]6[C@H](O)C[C@@H]5C4)cc3)C[C@@]21C,CHEMBL411185,21.0
269,C#C[C@]1(O)CC[C@H]2[C@@H]3CCC4=CC(=O)CCC4=C3[C@@H](c3ccc(N(C)CCNC(=O)O[C@@H]4C[C@@H]5CC(O)CC[C@]5(C)[C@H]5C[C@H](O)[C@@]6(C)[C@@H](CC[C@@H]6[C@H](C)CCC(=O)O)[C@@H]54)cc3)C[C@@]21C,CHEMBL414041,17.999999999999996
270,C#C[C@]1(O)CC[C@H]2[C@@H]3CCC4=CC(=O)CCC4=C3[C@@H](c3ccc(N(C)CCOC4CC[C@]5(C)[C@H]6C[C@H](O)[C@@]7(C)[C@@H](CC[C@@H]7[C@H](C)CCC(=O)NCCS(=O)(=O)O)[C@@H]6[C@H](O)C[C@@H]5C4)cc3)C[C@@]21C,CHEMBL407672,8.9
271,CS(=O)(=O)Nc1cccc2c(-c3ccc(F)cc3)c[nH]c12,CHEMBL3605934,496.0000000000002
272,CC(C)n1cc(-c2ccc(C#N)c(F)c2)c2ccc(NS(C)(=O)=O)cc21,CHEMBL1672547,647.9999999999999
273,COc1cc(-c2cn(C(C)C)c3cc(NS(C)(=O)=O)ccc23)ccc1C#N,CHEMBL1672546,490.0000000000002
274,Cc1cc(-c2cn(C(C)C)c3cc(NS(C)(=O)=O)ccc23)ccc1C#N,CHEMBL1672541,403.0000000000001
275,CCn1cc(-c2ccc(C#N)cc2)c2ccc(NS(C)(=O)=O)cc21,CHEMBL1672544,2590.0000000000005
276,COc1ccc(F)cc1-c1c[nH]c2c(NC(C)=O)cccc12,CHEMBL3605922,6120.000000000003
277,COc1cc(NS(C)(=O)=O)c2[nH]c(C)c(-c3ccccc3)c2c1,CHEMBL3605923,4060.0000000000014
278,COc1cc(NS(C)(=O)=O)c2[nH]c(C)c(-c3cc(F)ccc3OC)c2c1,CHEMBL3605924,1119.9999999999998
279,COc1cc(F)ccc1-c1c(C)[nH]c2c(NS(C)(=O)=O)cc(F)cc12,CHEMBL3605929,1130.0000000000007
280,COc1ccc(Cl)cc1-c1c[nH]c2c(NS(C)(=O)=O)cccc12,CHEMBL3605930,697.0000000000002
281,CS(=O)(=O)Nc1cccc2c(-c3cccc(Cl)c3)c[nH]c12,CHEMBL3605932,91.00000000000001
282,COc1ccccc1-c1c[nH]c2c(NS(C)(=O)=O)cccc12,CHEMBL3605933,400.9999999999999
283,COc1ccc2cc[nH]c2c1-c1cc(C)c2c(c1Cl)C(C)CC(C)(C)N2,CHEMBL253745,1500.0000000000005
284,Cc1cc(-c2cccc3cc[nH]c23)c(Cl)c2c1NC(C)(C)C(O)C2(C)C,CHEMBL1644761,915.0000000000005
285,Cc1cc(-c2ccc(F)c3cc[nH]c23)c(Cl)c2c1NC(C)(C)CC2C,CHEMBL257152,779.9999999999999
286,C[C@H]1c2c(cc(F)c(-c3cccc4cc[nH]c34)c2F)NC(C)(C)[C@@H]1O,CHEMBL1682441,1430.0000000000002
287,CO/N=C1/c2c(cc(F)c(-c3cccc4c(C)c[nH]c34)c2F)NC(C)(C)C1O,CHEMBL1760023,2800.0000000000014
288,Cc1cc(-c2cc(F)c(F)c3cc[nH]c23)c(Cl)c2c1NC(C)(C)CC2C,CHEMBL429842,49.99999999999999
289,Cc1c[nH]c2c(-c3c(F)cc4c(c3F)/C(=N/OC(C)(C)C)CC(C)(C)N4)cccc12,CHEMBL1762202,1000.0
290,Cc1cc(-c2cccc3cc[nH]c23)c(Cl)c2c1NC(C)(C)CC2C,CHEMBL258191,57.00000000000001
291,Cc1c[nH]c2c(-c3c(F)cc4c(c3F)/C(=N/OC(C)(C)CO)CC(C)(C)N4)cccc12,CHEMBL1762209,290.0
292,Cn1cc(N(Cc2ccccc2)c2ccc([N+](=O)[O-])c(C(F)(F)F)c2)cc1C(=O)N1CCCC1,CHEMBL481924,48.99999999999999
293,O=C(c1cccc(N(Cc2ccccc2)c2ccc([N+](=O)[O-])cc2)c1)N1CCCC1,CHEMBL482064,370.0
294,Cn1cc(N(CC2CCCCC2)c2ccc([N+](=O)[O-])cc2)cc1C(=O)N1CCCC1,CHEMBL519780,519.9999999999998
295,Cc1cc(C)cc(N(Cc2ccc(CO)cc2)c2cc(C(=O)N3CCCC3)n(C)c2)c1,CHEMBL481686,2199.9999999999995
296,Cc1cc(C)cc(N(Cc2ccc(O)cc2)c2cc(C(=O)N3CCCC3)n(C)c2)c1,CHEMBL481515,689.9999999999999
297,Cc1cc(C)cc(N(CC2CCCCC2)c2cc(C(=O)N3CCCC3)n(C)c2)c1,CHEMBL519450,490.0000000000002
298,Cn1cc(N(Cc2ccccc2)c2ccc([N+](=O)[O-])cc2)cc1C(=O)N1CCc2ccccc21,CHEMBL503676,9.0
299,C[C@](O)(CN1CCc2c(F)cccc21)C(=O)Nc1ccc(C#N)c(C(F)(F)F)c1,CHEMBL4438211,170.00000000000006
300,C[C@](O)(CN1CCc2cc(F)c(-c3ccccc3)cc21)C(=O)Nc1ccc(C#N)c(Cl)c1,CHEMBL4539953,70.99999999999999
301,C[C@](O)(CN1CCc2cc(F)c(F)cc21)C(=O)Nc1ccc(C#N)c(Cl)c1,CHEMBL4521365,252.00000000000006
302,C[C@](O)(CN1CCc2cc(Br)ccc21)C(=O)Nc1ccc(C#N)c(Cl)c1,CHEMBL4449952,204.0
303,C[C@](O)(CN1CCc2cc(F)ccc21)C(=O)Nc1ccc(C#N)c(Cl)c1,CHEMBL4542153,325.99999999999994
304,C[C@](O)(CN1CCc2c(F)cccc21)C(=O)Nc1ccc(C#N)c(Cl)c1,CHEMBL4527241,382.00000000000017
305,C[C@](O)(CN1CCc2cc(Cl)c(F)cc21)C(=O)Nc1ccc(C#N)c(C(F)(F)F)c1,CHEMBL4530573,68.00000000000001
306,C[C@](O)(CN1CCc2cc(F)c(F)cc21)C(=O)Nc1ccc(C#N)c(C(F)(F)F)c1,CHEMBL4469605,115.00000000000003
307,C[C@@]12[C@H]3C[C@H]([C@H](O)C3)[C@@H]1CN(c1ccc(C#N)c(C(F)(F)F)c1)S2(=O)=O,CHEMBL3939272,28.0
308,CNC(=O)[C@@]12[C@H]3C[C@H](C[C@@H]3F)[C@@H]1CN(c1ccc(C#N)c(C(F)(F)F)c1)S2(=O)=O,CHEMBL3902310,5.000000000000001
309,CNC(=O)[C@@]12[C@@H]3CC[C@@H](C3)[C@@H]1CN(c1ccc(C#N)c(C(F)(F)F)c1)S2(=O)=O,CHEMBL3921315,3.0
310,N#Cc1ccc(N2C[C@H]3[C@H]4CC[C@H](C4)[C@@]3(C(N)=O)S2(=O)=O)cc1C(F)(F)F,CHEMBL3893320,3.0
311,C[C@@]12[C@H]3C[C@H](C[C@@H]3F)[C@@H]1CN(c1ccc(C#N)c(C(F)(F)F)c1)S2(=O)=O,CHEMBL3949176,7.999999999999999
312,C[C@@]12[C@H]3C[C@H](C[C@@H]3O)[C@@H]1CN(c1ccc(C#N)c(C(F)(F)F)c1)S2(=O)=O,CHEMBL3920247,3.0
313,N#Cc1ccc(N2C[C@H]3[C@H]4C=C[C@H](C4)[C@H]3S2(=O)=O)cc1C(F)(F)F,CHEMBL3987109,12.000000000000002
314,C[C@@]12[C@@H]3CC[C@@H](C3)[C@@H]1CN(c1ccc(C#N)c(C(F)(F)F)c1)S2(=O)=O,CHEMBL3926358,3.0
315,C[C@@]12[C@@H]3C=C[C@@H](C3)[C@@H]1CN(c1ccc(C#N)c(C(F)(F)F)c1)S2(=O)=O,CHEMBL3898284,2.0
316,COc1ccc(C(=O)CC(Nc2ccc([N+](=O)[O-])cc2)C2CCCCC2)cc1,CHEMBL1165483,37.0
317,O=C(CC(Nc1ccc([N+](=O)[O-])cc1)C1CCCCC1)c1ccccc1,CHEMBL1165353,74.00000000000001
318,O=C(CC(Nc1ccc([N+](=O)[O-])cc1)C1CCCCC1)c1ccc(Cl)cc1,CHEMBL1163480,45.00000000000001
319,O=C(CC(Nc1ccc([N+](=O)[O-])cc1)C1CCCCC1)c1cccc(F)c1,CHEMBL1163485,63.999999999999986
320,O=C(CC(Nc1ccc([N+](=O)[O-])cc1)C1CCCCC1)c1ccc(Cl)c(Cl)c1,CHEMBL1163529,140.00000000000006
321,O=C(CC(Nc1ccc([N+](=O)[O-])cc1)C1CCCCC1)c1ccc(Br)cc1,CHEMBL1164752,35.0
322,COc1cccc(C(=O)CC(Nc2ccc([N+](=O)[O-])cc2)C2CCCCC2)c1,CHEMBL1163484,406.0000000000001
323,COc1cccc2c1-c1ccc3[nH]c(=O)cc(C)c3c1C(O)O2,CHEMBL258190,1300.0000000000005
324,COc1cccc2c1-c1ccc3[nH]c(=O)cc(C(F)(F)F)c3c1CO2,CHEMBL401629,10.999999999999996
325,O=c1cc(C(F)(F)F)c2c3c(ccc2[nH]1)-c1c(O)cccc1OC3,CHEMBL253535,1.3
326,COc1cccc2c1-c1ccc3[nH]c(=O)cc(C)c3c1C(OC)O2,CHEMBL253746,2346.000000000001
327,C=CCC1Oc2cccc(OC)c2-c2ccc3[nH]c(=O)cc(C)c3c21,CHEMBL258384,1593.0000000000002
328,Cc1cc(=O)[nH]c2ccc3c(c12)COc1cccc(CO)c1-3,CHEMBL257151,26.0
329,COc1cccc2c1-c1ccc3[nH]c(=O)cc(C)c3c1CO2,CHEMBL256947,59.00000000000001
330,Cn1c(=O)cc(C(F)(F)F)c2cc3c(cc21)N[C@@H]1CCCC[C@]31C,CHEMBL422196,9.0
331,C[C@H]1CC[C@H]2Nc3cc4c(cc3[C@H]2C1)c(C(F)(F)F)cc(=O)n4C,CHEMBL165803,93.99999999999997
332,CCCN1c2cc3c(cc2[C@H]2CCCC[C@H]21)c(C(F)(F)F)cc(=O)n3C,CHEMBL165912,63.0
333,CN1c2cc3c(cc2[C@@]2(C)CCCC[C@@H]12)c(C(F)(F)F)cc(=O)n3C,CHEMBL163143,96.99999999999999
334,CN1c2cc3c(cc2[C@H]2CCCC(C)(C)[C@H]21)c(C(F)(F)F)cc(=O)n3C,CHEMBL163142,59.00000000000001
335,C[C@H]1CC[C@@H]2[C@H](C1)c1cc3c(C(F)(F)F)cc(=O)n(C)c3cc1N2C,CHEMBL161980,77.99999999999999
336,Cn1c(=O)cc(C(F)(F)F)c2cc3c(cc21)N[C@@H]1CCCC[C@H]31,CHEMBL163425,4.0
337,Cc1cc(C)cc(Nc2cc(C(=O)N3CCCC3)n(C)c2)c1,CHEMBL444991,3099.9999999999995
338,CC(C)N(c1ccc([N+](=O)[O-])cc1)c1cc(C(=O)N2CCCC2)n(C)c1,CHEMBL481356,3399.999999999998
339,CN(c1ccc([N+](=O)[O-])cc1)c1cc(C(=O)N2CCCC2)n(C)c1,CHEMBL481350,3600.0
340,Cc1cc(C)cc(N(c2cc(C(=O)N3CCCC3)n(C)c2)C(C)C)c1,CHEMBL516752,2700.0000000000005
341,CCN(c1cc(C)cc(C)c1)c1cc(C(=O)N2CCCC2)n(C)c1,CHEMBL481152,2700.0000000000005
342,Cc1cc(C)cc(N(C)c2cc(C(=O)N3CCCC3)n(C)c2)c1,CHEMBL480183,6100.000000000002
343,COc1ccc2oc(=O)c3c(ccc4[nH]c(=O)cc(C)c43)c2c1,CHEMBL258397,610.0000000000001
344,Cc1cc(=O)[nH]c2ccc3c4cc(F)ccc4oc(=O)c3c12,CHEMBL258241,1000.0
345,CCOc1ccc2oc(=O)c3c(ccc4[nH]c(=O)cc(C)c43)c2c1OC,CHEMBL256977,62.0
346,Cc1cc(=O)[nH]c2ccc3c4c(C(=O)OC(C)(C)C)cccc4oc(=O)c3c12,CHEMBL401711,8.7
347,COc1c(OC(C)C)ccc2oc(=O)c3c(ccc4[nH]c(=O)cc(C)c43)c12,CHEMBL256768,21.0
348,COc1cccc2oc(=O)c3c(ccc4[nH]c(=O)cc(C)c43)c12,CHEMBL450933,28.0
349,N#Cc1ccc(N2C(=O)[C@H]3[C@@H]4C[C@@H](CN4C(=O)Oc4ccc(F)cc4)N3C2=O)cc1C(F)(F)F,CHEMBL362566,10.0
350,O=C1[C@H]2[C@@H]3C[C@@H](CN3C(=O)Oc3ccc(F)cc3)N2C(=O)N1c1ccc([N+](=O)[O-])c2ccccc12,CHEMBL426623,10.0
351,O=C1[C@H]2[C@@H]3C[C@@H](CN3C(=O)c3ccccc3)N2C(=O)N1c1ccc([N+](=O)[O-])cc1,CHEMBL365650,10.0
352,CCCCc1ccc(C(=O)N2C[C@@H]3C[C@H]2[C@@H]2C(=O)N(c4ccc(C#N)cc4)C(=O)N32)cc1,CHEMBL371392,100.0
353,N#Cc1ccc(N2C(=O)[C@H]3[C@@H]4C[C@@H](CN4C(=O)Oc4ccc(F)cc4)N3C2=O)c2ccccc12,CHEMBL365921,40.000000000000014
354,N#Cc1ccc(N2C(=O)[C@H]3[C@@H]4C[C@@H](CN4C(=O)c4ccccc4)N3C2=O)cc1C(F)(F)F,CHEMBL189600,119.99999999999996
355,CC1=CC(C)(C)N(C)c2cc3nc(O)cc(C(F)(F)F)c3cc21,CHEMBL347870,694.9999999999998
356,CC1=CC(C)(C)Nc2cc3nc(O)cc(C(F)(F)F)c3cc21,CHEMBL160451,115.00000000000003
357,CC1=CC(C)(C)Nc2cc3nc(O)cc(C)c3cc21,CHEMBL346487,62.0
358,CC1=CC(C)(C)Nc2c1cc1c(C(F)(F)F)cc(O)nc1c2C,CHEMBL157703,82.0
359,CC1=C(C)C(C)(C)Nc2cc3nc(O)cc(C(F)(F)F)c3cc21,CHEMBL349539,268.00000000000006
360,CC1=CC(C)(C)Nc2cc3nc(Cl)cc(C(F)(F)F)c3cc21,CHEMBL133331,319.9999999999999
361,C=C1C(C)=CCC(C)(C)[C@@H]1Cc1cc(OC)c(Br)cc1OC(C)=O,CHEMBL50619,6386.999999999997
362,C=C1C=C(C)CC(C)(C)C1Cc1cc(OC)c(Br)cc1OC(C)=O,CHEMBL54270,1941.9999999999995
363,C=C1C=C(C)CC(C)(C)C1Cc1ccc([N+](=O)[O-])c(C)c1,CHEMBL299512,2698.000000000001
364,C=C1C=C(C)CC(C)(C)C1Cc1ccc([N+](=O)[O-])cc1,CHEMBL50023,6303.000000000002
365,C=C1C=CCC(C)(C)C1Cc1cc(OC)c(Br)cc1O,CHEMBL48358,1517.9999999999995
366,C=C1C=C(C)CC(C)(C)C1Cc1cc(OC)c(Br)cc1O,CHEMBL48746,1449.0000000000005
367,CCN(CC)c1ccc2nc(O)cc(C(F)(F)F)c2c1,CHEMBL277378,4.4
368,CCCCN(CCCC)c1ccc2nc(O)cc(C(F)(F)F)c2c1,CHEMBL216949,222.0000000000001
369,CCCNc1ccc2nc(O)cc(C(F)(F)F)c2c1,CHEMBL405835,54.000000000000014
370,CCN(CC(F)(F)F)c1ccc2nc(O)cc(C(F)(F)F)c2c1,CHEMBL217769,7.1
371,CN(C)c1ccc2nc(O)cc(C(F)(F)F)c2c1,CHEMBL217168,153.00000000000003
372,O=C1[C@H]2C3C=CC(CCC3)[C@H]2C(=O)N1c1ccc([N+](=O)[O-])c2ccccc12,CHEMBL369542,9.0
373,O=C1[C@@H]2C3CCC(O3)[C@@H]2C(=O)N1c1ccc([N+](=O)[O-])c2ccccc12,CHEMBL402807,3.0
374,O=C1[C@H]2C3C=CC([C@@H]4C[C@H]34)[C@H]2C(=O)N1c1ccc([N+](=O)[O-])c2ccccc12,CHEMBL367375,3.0
375,CC12CCC(C)(O1)[C@@H]1C(=O)N(c3ccc([N+](=O)[O-])c4c(Br)cccc34)C(=O)[C@@H]12,CHEMBL403039,17.0
376,O=C1[C@H]2C3C=CC(C3)[C@H]2C(=O)N1c1ccc([N+](=O)[O-])c2ccccc12,CHEMBL181571,0.75
377,C[C@]12CCCC[C@H]1Nc1cc3nc(O)cc(C(F)(F)F)c3cc12,CHEMBL351447,21.0
378,CC1(C)CCC[C@@H]2c3cc4c(C(F)(F)F)cc(O)nc4cc3N[C@@H]21,CHEMBL162368,78.99999999999999
379,CC1(C)CCC[C@]2(C)c3cc4c(C(F)(F)F)cc(O)nc4cc3N[C@H]12,CHEMBL423620,77.0
380,C[C@H]1CC[C@H]2Nc3cc4nc(O)cc(C(F)(F)F)c4cc3[C@H]2C1,CHEMBL166212,22.999999999999996
381,CC(=O)O[C@]1(C(C)=O)CC[C@H]2[C@@H]3C[C@H](C)C4=CC(=O)CC[C@]4(C)[C@H]3CC[C@@]21C,CHEMBL717,2.9
382,CC(=O)[C@H]1CC[C@H]2[C@@H]3CCC4=CC(=O)CC[C@]4(C)[C@H]3CC[C@]12C,CHEMBL103,8.5
383,CCC(=O)O[C@H]1CC[C@H]2[C@@H]3CCC4=CC(=O)CC[C@]4(C)[C@H]3CC[C@]12C,CHEMBL1170,0.25
384,C[C@]12CC[C@H]3[C@@H](CCC4=CC(=O)CC[C@@]43C)[C@@H]1CC[C@@H]2O,CHEMBL386630,29.0
385,CC(C)(C(=O)Nc1nncs1)[C@@H](c1ccccc1)c1ccc(O)c(F)c1,CHEMBL1800981,992.9999999999997
386,CC(C)(C(=O)Nc1nccs1)[C@@H](c1ccccc1)c1ccc(O)cc1,CHEMBL1801012,1058.0
387,CC(C)(C(=O)Nc1nccs1)[C@@H](c1ccccc1)c1ccc(O)c(F)c1,CHEMBL1801008,1034.0
388,CC(C)(C(=O)Nc1nccs1)[C@@H](c1ccccc1)c1ccc(O)c(Br)c1,CHEMBL1801006,370.0
389,CC(C(=O)Nc1nncs1)[C@@H](c1ccccc1)c1ccc2c(cnn2-c2ccc(F)cc2)c1,CHEMBL2426624,242.99999999999997
390,C[C@]12CN(c3cc(Cl)ncn3)C[C@](C)(O1)[C@@H]1C(=O)N(c3ccc(C#N)c(C(F)(F)F)c3)C(=O)[C@@H]12,CHEMBL1210152,3.5000000000000004
391,C[C@]12CN(C(=O)Nc3ccc(F)cc3)C[C@](C)(O1)[C@@H]1C(=O)N(c3ccc(C#N)c(C(F)(F)F)c3)C(=O)[C@@H]12,CHEMBL1210034,29.0
392,C[C@]12CN(C(=O)Nc3ccccc3)C[C@](C)(O1)[C@@H]1C(=O)N(c3ccc(C#N)c(C(F)(F)F)c3)C(=O)[C@@H]12,CHEMBL1209972,40.000000000000014
393,CN(C(=O)[C@@H]1C[C@]2(C)O[C@]1(C)[C@@H]1C(=O)N(c3ccc(C#N)c(C(F)(F)F)c3)C(=O)[C@@H]12)c1ccccc1,CHEMBL3623117,49.99999999999999
394,C=C1[C@@H](Cc2cc(OC)c(Br)cc2O)C(C)(C)CC[C@@]1(C)O,CHEMBL50534,6662.000000000002
395,C=C1C[C@H](CO)CC(C)(C)[C@@H]1Cc1cc(OC)c(Br)cc1O,CHEMBL296156,6809.999999999999
396,C=C1C[C@H](C)C[C@@H](C)[C@@H]1Cc1cc(OC)c(Br)cc1O,CHEMBL50454,1139.0000000000005
397,C=C1C[C@H](C)CC(C)(C)[C@@H]1Cc1cc(OC)c(Br)cc1O,CHEMBL53549,695.9999999999998
398,C[C@](O)(COc1ccc(C#N)cc1)C(=O)Nc1ccc(C#N)c(C(F)(F)F)c1,CHEMBL1738889,3.8
399,CC(=O)Nc1ccc(OC[C@](C)(O)C(=O)Nc2ccc([N+](=O)[O-])c(C(F)(F)F)c2)cc1,CHEMBL125236,4.0
400,C[C@](O)(COc1ccc(Cl)c(F)c1)C(=O)Nc1ccc(C#N)c(C(F)(F)F)c1,CHEMBL512283,1.7
401,COc1cc(F)ccc1-c1c(Cc2ccccc2)[nH]c2c(NS(C)(=O)=O)cc(C(C)C)cc12,CHEMBL3605927,683.9999999999999
402,COc1cc(F)ccc1-c1c(CN(C)Cc2ccccc2)[nH]c2c(NS(C)(=O)=O)cc(C(C)C)cc12,CHEMBL3605919,232.00000000000009
403,COc1cc(F)ccc1-c1c(CN(C)Cc2ccccc2)[nH]c2c(N)cc(F)cc12,CHEMBL3605921,4140.000000000001
404,CCOC(=O)CC1(C)C(=O)N(c2ccc(C#N)c(C(F)(F)F)c2)C(=S)N1c1ccc(C(=O)NC)c(F)c1,CHEMBL3588964,235.9
405,CNC(=O)c1ccc(N2C(=S)N(c3ccc(C#N)c(C(F)(F)F)c3)C(=O)C2(C)CO)cc1F,CHEMBL3588965,43.29999999999999
406,CNC(=O)c1ccc(N2CCC(=O)N(c3ccc(C#N)c(C(F)(F)F)c3)C2=S)cc1F,CHEMBL3588968,575.6000000000001
407,CC/C(=C1\c2ccccc2OCc2cccc(OC)c21)c1cccc(NS(C)(=O)=O)c1,CHEMBL3120317,238.99999999999991
408,CS(=O)(=O)Nc1cccc(C=C2c3ccccc3CCc3ccccc32)c1,CHEMBL3120320,417.99999999999983
409,C/C(=C1/c2ccccc2COc2ccccc21)c1cccc(NS(C)(=O)=O)c1,CHEMBL3120319,5.9799999999999995
410,CC/C(=C1/c2ccccc2COc2ccccc21)c1cccc(NS(C)(=O)=O)c1,CHEMBL3120318,9.74
411,C[C@]12CN(S(=O)(=O)c3ccccn3)C[C@](C)(O1)[C@@H]1C(=O)N(c3ccc(C#N)c(C(F)(F)F)c3)C(=O)[C@@H]12,CHEMBL1210091,92.99999999999999
412,O=c1cc(C(F)(F)F)c2cc(N(Cc3ccoc3)CC(F)(F)F)ccc2[nH]1,CHEMBL3706930,13.999999999999998
413,O=c1cc(C(F)(F)F)c2cc(N(Cc3cccs3)CC(F)(F)F)ccc2[nH]1,CHEMBL3706927,61.000000000000014
414,CC1CCCN1c1ccc2[nH]c(=O)cc(C(F)(F)F)c2c1,CHEMBL244895,72.00000000000001
415,O=c1cc(C(F)(F)F)c2cc(N3CCCC3)ccc2[nH]1,CHEMBL446191,1700.0000000000007
416,C[C@@H]1CC[C@H](CCl)N1c1ccc2[nH]c(=O)cc(C(F)(F)F)c2c1,CHEMBL395992,10.0
417,C[C@@H]1CC[C@H](CO)N1c1ccc2[nH]c(=O)cc(C(F)(F)F)c2c1,CHEMBL243252,70.00000000000001
418,O=c1cc(C(F)(F)F)c2cc(NC3CCCC3)ccc2[nH]1,CHEMBL3706909,74.00000000000001
419,O=c1cc(C(F)(F)F)c2ccc(NC3CCCCC3)cc2[nH]1,CHEMBL3706887,1000.0
420,O=c1cc(C(F)(F)F)c2ccc(NC3CCCC3)cc2[nH]1,CHEMBL3706886,1000.0
421,O=c1cc(C(F)(F)F)c2cc3c(cc2[nH]1)OCCN3CC1CC1,CHEMBL227784,1.6
422,CC1COc2cc3[nH]c(=O)cc(C(F)(F)F)c3cc2N1CC1CC1,CHEMBL227394,4.0
423,O=c1cc(C(F)(F)F)c2cc3c(cc2[nH]1)OCCN3Cc1ccccc1,CHEMBL390577,205.99999999999994
424,CCC(CC)(c1ccc(NCC(O)CO)c(C)c1)c1ccc(OCC(=O)C(C)(C)C)c(C)c1,CHEMBL199238,1170.0000000000002
425,CCC(CC)(c1ccc(NCCC(C)(C)O)c(C)c1)c1ccc(NCCC(C)(C)O)c(C)c1,CHEMBL198037,3379.9999999999995
426,CCC(CC)(c1ccc(NCCC(C)(C)O)c(C)c1)c1ccc(OCC(=O)C(C)(C)C)c(C)c1,CHEMBL197548,2900.0
427,CCC(CC)(c1ccc(NCC(O)CO)c(C)c1)c1ccc(OCC(O)C(C)(C)C)c(C)c1,CHEMBL370567,1507.9999999999995
428,CC1=CC(C)(C)N(C)c2cc3c(cc21)c(C(F)(F)F)cc(=O)n3C,CHEMBL345342,38.99999999999999
429,CCn1c(=O)cc(C(F)(F)F)c2cc3c(cc21)NC(C)(C)C=C3C,CHEMBL160239,670.0
430,CC1=CC(C)(C)Nc2cc3c(cc21)c(C(F)(F)F)cc(=O)n3C,CHEMBL160386,81.0
431,C[C@@]12C[C@@H](NS(=O)(=O)c3cccnc3)[C@](C)(O1)[C@@H]1C(=O)N(c3ccc(C#N)c(C(F)(F)F)c3)C(=O)[C@@H]12,CHEMBL3623126,2.0
432,C[C@@]12C[C@@H](NS(=O)(=O)c3ccccc3)[C@](C)(O1)[C@@H]1C(=O)N(c3ccc(C#N)c(C(F)(F)F)c3)C(=O)[C@@H]12,CHEMBL3623124,10.0
433,C[C@@]12C[C@@H](NS(=O)(=O)c3ccccc3F)[C@](C)(O1)[C@@H]1C(=O)N(c3ccc(C#N)c(C(F)(F)F)c3)C(=O)[C@@H]12,CHEMBL3623125,1.0
434,COC(=O)c1ccc(N2C(=S)N(c3ccc(C#N)c(C(F)(F)F)c3)C(=O)[C@]23CCOC3)cc1F,CHEMBL3589383,11.900000000000002
435,N#Cc1ccc(N2C(=O)[C@]3(CCOC3)N(c3ccc(C(N)=O)c(F)c3)C2=S)cc1C(F)(F)F,CHEMBL3589385,14.1
436,CC[C@H](C)[C@H](NC(=O)[C@H](CS)NC(=O)[C@H](Cc1ccccc1)NC(=O)[C@H](CC(C)C)NC(=O)[C@H](CCC(=O)O)NC(=O)[C@H](CS)NC(=O)[C@H](Cc1ccccc1)NC(=O)[C@H](CCCNC(=N)N)NC(=O)[C@@H](N)CC(N)=O)C(=O)N[C@@H](CCC(N)=O)C(=O)NCC(=O)N[C@H](C(=O)NCC(=O)N[C@@H](CC(=O)O)C(=O)N[C@H](C(=O)N[C@@H](CCCCN)C(=O)N[C@@H](C)C(=O)N[C@@H](CS)C(=O)N[C@@H](CCC(=O)O)C(=O)N[C@@H](CCC(=O)O)C(=O)N[C@@H](C)C(=O)N[C@@H](CS)C(=O)N[C@@H](CCC(N)=O)C(=O)O)C(C)C)[C@@H](C)O,CHEMBL3132981,1300.0000000000005
437,C[C@](O)(CS(=O)(=O)c1ccccc1-c1ccccc1)C(=O)Nc1ccc(C#N)c(C(F)(F)F)c1,CHEMBL1782496,2000.0000000000002
438,C[C@](O)(CS(=O)(=O)c1ccccc1Cc1ccccc1)C(=O)Nc1ccc(C#N)c(C(F)(F)F)c1,CHEMBL1782495,2000.0000000000002
439,CC(C)[N+]1([O-])C(=O)[C@@]2(C)O[C@@](C)(C1=O)[C@@H]1C(=O)N(c3ccc(C#N)c(C(F)(F)F)c3)C(=O)[C@@H]12,CHEMBL1210843,3600.0
440,Cc1c(/N=C2\N(C(N)=O)C[C@@H]3[C@H](O)CCN23)ccc(C#N)c1Cl,CHEMBL483941,18.999999999999996
441,Cc1c(/N=C2\NC[C@@H]3[C@H](O)CCN23)ccc(C#N)c1Cl,CHEMBL483746,10.0
442,Cc1c(/N=C2\N(C)C[C@@H]3[C@H](O)CCN23)ccc(C#N)c1Cl,CHEMBL519169,1.9
443,CC12CC(C)(C(=O)Nc3nncs3)C(c3ccccc31)c1ccccc12,CHEMBL514630,9300.000000000002
444,C[C@@]1(C(=O)Nc2nccs2)CC2c3ccccc3C1c1ccccc12,CHEMBL514646,7400.000000000001
445,CC12CC(C)(C(=O)Nc3nccs3)C(c3ccccc31)c1ccccc12,CHEMBL474189,2900.0
446,O=c1cc(C(F)(F)F)c2cc3c(cc2[nH]1)OC[C@H]1CCCN31,CHEMBL227749,27.000000000000004
447,Cn1c(=O)cc(C(F)(F)F)c2cc3c(cc21)N1CCCC1(C)CC3,CHEMBL157407,77.99999999999999
448,CC#C[C@@]1(O)CC[C@@]2(Cc3ccccc3)c3ccc(O)cc3CC[C@@H]2C1,CHEMBL78625,650.0000000000002
449,Oc1ccc2c(c1)CC[C@@H]1C[C@@](O)(C#CCl)CC[C@@]21Cc1ccccc1,CHEMBL77779,130.00000000000006
450,O=C1CC[C@@]2(Cc3ccccc3)c3ccc(O)cc3CC[C@@H]2C1,CHEMBL310180,1300.0000000000005
451,CC1(C)CCc2cc3c(cc2N1)NC(F)C=C3C(F)(F)F,CHEMBL4548397,10.999999999999996
452,CC1(C)CCc2cc3c(cc2N1)NC(C#N)C=C3C(F)(F)F,CHEMBL4447539,21.999999999999996
453,CC[C@H](C)[C@H](NC(=O)[C@H](CS)NC(=O)[C@H](CC(C)C)NC(=O)[C@H](CC(C)C)NC(=O)[C@H](CCC(=O)O)NC(=O)[C@H](CS)NC(=O)[C@H](CC(C)C)NC(=O)[C@H](CCCNC(=N)N)NC(=O)[C@@H](N)CC(N)=O)C(=O)N[C@@H](CCC(N)=O)C(=O)NCC(=O)N[C@H](C(=O)NCC(=O)N[C@@H](CC(=O)O)C(=O)N[C@H](C(=O)N[C@@H](CCCCN)C(=O)N[C@@H](C)C(=O)N[C@@H](CS)C(=O)N[C@@H](CCC(=O)O)C(=O)N[C@@H](Cc1c[nH]c2ccccc12)C(=O)N[C@@H](C)C(=O)N[C@@H](CS)C(=O)N[C@@H](CCC(N)=O)C(=O)O)C(C)C)[C@@H](C)O,CHEMBL3132986,13000.000000000005
454,C[C@@H]1C[C@H]2[C@@H]3CCC4=CC(=O)C=C[C@]4(C)[C@@]3(F)[C@@H](O)C[C@]2(C)[C@@]1(O)C(=O)CO,CHEMBL384467,1409.9999999999993
455,C[C@]12C[C@H](O)[C@H]3[C@@H](CCC4=CC(=O)C=C[C@@]43C)[C@@H]1CC[C@]2(O)C(=O)CO,CHEMBL131,2761.000000000001
456,CC(C)(C(=O)Nc1nncs1)[C@H]1c2ccccc2Oc2cc(O)ccc21,CHEMBL1800985,695.9999999999998
457,C[C@](c1ccc(F)cc1F)(c1c[nH]c2c(NS(C)(=O)=O)cccc12)C1CC1,CHEMBL391231,676.0
458,Cn1cc(N(Cc2ccccc2)c2ccc([N+](=O)[O-])cc2)cc1CO,CHEMBL480960,170.00000000000006
459,Cn1cc(N(Cc2ccccc2)c2ccc([N+](=O)[O-])cc2)cc1C(N)=O,CHEMBL480162,219.99999999999997
460,O=c1cc(C(F)(F)F)c2c(ccc3c2oc(=O)c2cccc(O)c23)[nH]1,CHEMBL257751,3.0
461,O=c1cc(C(F)(F)F)c2c3c(ccc2[nH]1)-c1ccccc1CO3,CHEMBL450334,7.999999999999999
462,COc1cccc2c1-c1ccc3[nH]c(=O)cc(C(F)(F)F)c3c1OC2,CHEMBL402136,27.000000000000004
463,O=C1[C@H]2C3CCC(C3)N2C(=O)N1c1cccc(C(F)(F)F)c1,CHEMBL255776,21.0
464,N#Cc1ccc(N2C(=O)[C@H]3[C@@H]4CC[C@@H](C4)N3C2=O)c2ccccc12,CHEMBL218809,23.999999999999993
465,CC12CCC(C)(O1)[C@@H]1C(=O)N(c3c(N)ccc4ncsc34)C(=O)[C@@H]12,CHEMBL271262,17.0
466,CC12CCC(C)(O1)[C@@H]1C(=O)N(c3ccc(C#N)c4nsnc34)C(=O)[C@@H]12,CHEMBL446626,3.0
467,Cc1c(N2C(=O)[C@]3(C)[C@H](O)CCN3S2(=O)=O)ccc(C#N)c1Cl,CHEMBL391768,8.200000000000001
468,Cc1c(N2C(=O)[C@@H]3C[C@H](O)CN3S2(=O)=O)ccc(C#N)c1Cl,CHEMBL391769,44.0
469,Cc1c(N2C[C@@H]3[C@H](O)CCN3C2=O)ccc(C#N)c1Cl,CHEMBL229808,4.0
470,Cc1c(N2C(=O)N3CC[C@@H](O)[C@H]3[C@H]2C(C)C)ccc(C#N)c1Cl,CHEMBL390594,22.999999999999996
471,N#Cc1ccc(N2C(=O)[C@@H]3[C@H](O)CCN3C2=O)c2ncccc12,CHEMBL397274,21.0
472,C#C[C@]1(O)CC[C@H]2[C@@H]3CCC4=CC(=O)CCC4=C3[C@@H](c3ccc(N(C)C(C)=O)cc3)C[C@@]21C,CHEMBL364368,8.9
473,CC#C[C@]1(O)CC[C@H]2[C@@H]3CCC4=CC(=O)CCC4=C3[C@@H](c3ccc(N(C)C)cc3)C[C@@]21C,CHEMBL1276308,8.700000000000001
474,CC(C)(C)OC(=O)N1C[C@@H]2C[C@H]1[C@]1(C)C(=O)N(c3ccc(C#N)c(C(F)(F)F)c3)C(=O)N21,CHEMBL188261,1400.0000000000005
475,CC(C)(C)OC(=O)N1C[C@H]2C[C@@H]1[C@H]1C(=O)N(c3ccc([N+](=O)[O-])cc3)C(=O)N12,CHEMBL364393,230.00000000000009
476,C[C@](O)(CBr)C(=O)Nc1ccc(N)c(C(F)(F)F)c1,CHEMBL49615,80.89999999999999
477,CC1C(=O)C(C)(C)Nc2ccc3c(c21)/C(=C/c1cccc(F)c1)Oc1ccccc1-3,CHEMBL34824,559.9999999999998
478,CC1C(=O)C(C)(C)Nc2ccc3c(c21)/C(=C/c1ccccc1)Oc1ccccc1-3,CHEMBL32603,1196.0
479,C[C@@]12[C@@H]3CC[C@@H](C3=O)[C@@H]1CN(c1ccc(C#N)c(C(F)(F)F)c1)S2(=O)=O,CHEMBL3935242,7.999999999999999
480,C[C@]1(O)CC[C@H]2[C@@H]3CCC4=CC(=O)CCC4=C3C=C[C@@]21C,CHEMBL166444,0.4
481,Cc1c(N[C@@H]2CCCC[C@@]2(C)O)ccc(C#N)c1Cl,CHEMBL3765823,16.899999999999995
482,Cc1c(N[C@@H]2COC[C@@]2(C)O)ccc(C#N)c1Cl,CHEMBL3764446,5.21
483,CN1CCN(OC(=O)N[C@@H]2C[C@]3(C)O[C@]2(C)[C@@H]2C(=O)N(c4ccc(C#N)c(C(F)(F)F)c4)C(=O)[C@@H]23)CC1,CHEMBL3623122,7.0
484,COc1ccc(F)cc1-c1c(-c2ccccc2)[nH]c2c(NS(C)(=O)=O)cccc12,CHEMBL3605928,905.0
485,CC(=O)N1CCN(CCOc2ccc(C3CCN(C4=Nn5c(nnc5C(F)(F)F)CC4)CC3)cc2)CC1,CHEMBL2346976,2199.9999999999995
486,O=c1[nH]c2cc(/C=C3\c4ccccc4COc4cc(F)ccc43)ccc2n1[C@H]1C[C@H]2COCCN2C1,CHEMBL2181925,1170.0000000000002
487,Cc1c(N[C@@H](c2nnc(-c3ccc(C#N)cc3)o2)[C@H](C)O)ccc(C#N)c1Cl,CHEMBL1672635,7.0
488,C[C@@]12O[C@@](C)(C(=O)N(CC3CC3)C1=O)[C@@H]1C(=O)N(c3ccc(C#N)c(C(F)(F)F)c3)C(=O)[C@@H]12,CHEMBL1210841,49.99999999999999
489,CC(C)CNc1cc(CCc2cccc3ccccc23)nc(NCc2cccc3ccccc23)n1,CHEMBL522172,1500.0000000000005
490,CN(C)C1CC(C(C)(C)CO)Nc2ccc([N+](=O)[O-])cc21,CHEMBL467887,14.9
491,N#Cc1ccc(N2[C@H]3CC[C@@H]2C[C@H](O)C3)c2ccccc12,CHEMBL3084525,5.000000000000001
492,C[C@@]1(C(=O)Nc2ccc(C#N)c(C(F)(F)F)c2)CC(C(F)(F)F)=NN1,CHEMBL242469,630.0
493,C[C@](O)(CSc1ccc(NC(=O)CCl)cc1)C(=O)Nc1ccc(C#N)c(C(F)(F)F)c1,CHEMBL333745,1.65
494,CC12CCC(C)(O1)[C@@H]1C(=O)N(c3c(N)ccc4nccn34)C(=O)[C@@H]12,CHEMBL271261,27.000000000000004
495,CC12CCC(C)(O1)[C@@H]1C(=O)N(c3ccc(C#N)n4nccc34)C(=O)[C@@H]12,CHEMBL255216,17.999999999999996
496,COC(=O)[C@@H]1CC2=CC(=O)CC[C@]2(C)C2C1C1CC[C@@]3(CCC(=O)O3)[C@@]1(C)[C@H]1O[C@@H]21,CHEMBL237122,8892.000000000002
497,CC(=O)S[C@@H]1CC2=CC(=O)CC[C@]2(C)[C@H]2CC[C@@]3(C)[C@@H](CC[C@@]34CCC(=O)O4)[C@@H]21,CHEMBL1393,39.400000000000006
498,Cc1c(N2C(C)[C@@H]3[C@@H](O)CCN3S2(=O)=O)ccc(C#N)c1Cl,CHEMBL391770,20.000000000000004
499,COC(=O)[C@@H]1[C@H](O)CCN1S(=O)(=O)c1ccc(C#N)c(Cl)c1C,CHEMBL234394,36.0
500,Cc1c(N2C[C@H]3[C@H](CC[C@H]3O)C2=O)ccc(C#N)c1Cl,CHEMBL389077,2.2
501,CC1=C(c2ccc(C#N)c(Cl)c2C)C(=O)N2CC[C@H](O)[C@@H]12,CHEMBL395483,0.5
502,Oc1cc(C(F)(F)F)c2cc(N(CC3CC3)CC3CC3)ccc2n1,CHEMBL217324,6.3
503,Oc1cc(C(F)(F)F)c2cc(N(CC3CC3)CC(F)(F)F)ccc2n1,CHEMBL267260,7.1
504,CN1C(=O)C2C=CC1[C@@H]1C(=O)N(c3ccc([N+](=O)[O-])c4ccccc34)C(=O)[C@H]21,CHEMBL183173,115.00000000000003
505,CC12CCCN1c1cc3nc(O)cc(C(F)(F)F)c3cc1CC2,CHEMBL156312,168.99999999999997
506,Oc1cc(C(F)(F)F)c2cc3c(cc2n1)NC1(CCCCC1)CC3,CHEMBL345854,9.0
507,C=C1C=C(C)C(Cc2cc(OC)c(Br)cc2O)C(C)(C)C1,CHEMBL299828,1591.0000000000005
508,COc1cc(CC2C(C)(C)CC(C)=CC23CC3)c(OC(C)=O)cc1Br,CHEMBL50849,3007.9999999999995
509,C=C1C=C(C)CC(C)(C)C1C/C=C/c1cc(OC)c(Br)cc1O,CHEMBL49978,2318.0000000000005
510,C=C1CC[C@H](O)C/C1=C/C=C1\CCCC2(C)C1CCC2C(C)/C=C/C(C)C(C)C,CHEMBL50241,1.1
511,CC#C[C@]1(O)CCC2C3CCC4=CC(=O)CC[C@]4(Cc4ccc(C)cc4)C3=CC[C@@]21C,CHEMBL78704,89.99999999999997
